filename,source,file_type,year,topic_keyword,url,scrape_status,category
2012-13-Spread-of-New-Varieties-of-Hybrid-Rice-and-their-impact-on-the-overall-production-and-productivity-in-West-Bengal.pdf,DAFW,PDF,Unknown,2012-13-Spread-of-New-Varieties-of-Hybrid-Rice-and,https://desagri.gov.in/wp-content/uploads/2024/03/2012-13-Spread-of-New-Varieties-of-Hybrid-Rice-and-their-impact-on-the-overall-production-and-productivity-in-West-Bengal.pdf,✅ (cached),pdfs
2013-14-Evaluation-of-Price-Support-and-Market-Intervention-Scheme-in-rajasthan-1.pdf,DAFW,PDF,Unknown,2013-14-Evaluation-of-Price-Support-and-Market-Int,https://desagri.gov.in/wp-content/uploads/2024/04/2013-14-Evaluation-of-Price-Support-and-Market-Intervention-Scheme-in-rajasthan-1.pdf,✅,pdfs
2013-14-Evaluation-of-Price-Support-and-Market-Intervention-Scheme-in-rajasthan.pdf,DAFW,PDF,Unknown,2013-14-Evaluation-of-Price-Support-and-Market-Int,https://desagri.gov.in/wp-content/uploads/2024/04/2013-14-Evaluation-of-Price-Support-and-Market-Intervention-Scheme-in-rajasthan.pdf,✅,pdfs
2013-14-Spread-of-New-Varieties-of-Hybrid-Rice-and-their-impact-on-the-overall-production-and-productivity.pdf,DAFW,PDF,Unknown,2013-14-Spread-of-New-Varieties-of-Hybrid-Rice-and,https://desagri.gov.in/wp-content/uploads/2024/03/2013-14-Spread-of-New-Varieties-of-Hybrid-Rice-and-their-impact-on-the-overall-production-and-productivity.pdf,✅ (cached),pdfs
2013_17-Evaluation-and-Assessment-of-Economic-Losses-for-Fisheries-Sector-in-Gujarat.pdf,DAFW,PDF,2013,2013 17-Evaluation-and-Assessment-of-Economic-Loss,https://desagri.gov.in/wp-content/uploads/2024/03/2013_17-Evaluation-and-Assessment-of-Economic-Losses-for-Fisheries-Sector-in-Gujarat.pdf,✅ (cached),pdfs
2014-15-Adoption-of-Recommended-Doses-of-Fertilisers-on-Soil-test-basis-by-Farmers-in-Gujarat.pdf,DAFW,PDF,Unknown,2014-15-Adoption-of-Recommended-Doses-of-Fertilise,https://desagri.gov.in/wp-content/uploads/2024/03/2014-15-Adoption-of-Recommended-Doses-of-Fertilisers-on-Soil-test-basis-by-Farmers-in-Gujarat.pdf,✅ (cached),pdfs
2014-15-Adoption-of-Recommended-Doses-of-Fertilizers-on-Soil-Test-Basis-by-Farmers-for-Wheat-and-Rice-in-Punjab.pdf,DAFW,PDF,Unknown,2014-15-Adoption-of-Recommended-Doses-of-Fertilize,https://desagri.gov.in/wp-content/uploads/2024/03/2014-15-Adoption-of-Recommended-Doses-of-Fertilizers-on-Soil-Test-Basis-by-Farmers-for-Wheat-and-Rice-in-Punjab.pdf,✅ (cached),pdfs
2014-15-An-Analysis-of-Resource-conservation-Technology-A-Case-of-Micro-Irrigation-System.pdf,DAFW,PDF,Unknown,2014-15-An-Analysis-of-Resource-conservation-Techn,https://desagri.gov.in/wp-content/uploads/2024/03/2014-15-An-Analysis-of-Resource-conservation-Technology-A-Case-of-Micro-Irrigation-System.pdf,✅ (cached),pdfs
2014-15-ASSESSMENT-OF-PRE-AND-POST-HARVEST-LOSSES-OF-IMPORTANT-CROPS-IN-INDIA.pdf,DAFW,PDF,Unknown,2014-15-ASSESSMENT-OF-PRE-AND-POST-HARVEST-LOSSES-,https://desagri.gov.in/wp-content/uploads/2024/03/2014-15-ASSESSMENT-OF-PRE-AND-POST-HARVEST-LOSSES-OF-IMPORTANT-CROPS-IN-INDIA.pdf,✅ (cached),pdfs
2014-15-EFFECT-OF-FARM-MECHANIZATION-ON-AGRICULTURAL-GROWTH-AND-LABOUR-AND-MACHINERY-IN-INDIA.pdf,DAFW,PDF,Unknown,2014-15-EFFECT-OF-FARM-MECHANIZATION-ON-AGRICULTUR,https://desagri.gov.in/wp-content/uploads/2024/04/2014-15-EFFECT-OF-FARM-MECHANIZATION-ON-AGRICULTURAL-GROWTH-AND-LABOUR-AND-MACHINERY-IN-INDIA.pdf,✅,pdfs
2014-15-Possibilities-and-Constraints-in-Adoption-of-Alternative-Crops-to-Paddy-in-Haryana.pdf,DAFW,PDF,Unknown,2014-15-Possibilities-and-Constraints-in-Adoption-,https://desagri.gov.in/wp-content/uploads/2024/03/2014-15-Possibilities-and-Constraints-in-Adoption-of-Alternative-Crops-to-Paddy-in-Haryana.pdf,✅ (cached),pdfs
2014-15-Problems-and-Prospects-of-Oilseeds-Production-in-India-1.pdf,DAFW,PDF,Unknown,2014-15-Problems-and-Prospects-of-Oilseeds-Product,https://desagri.gov.in/wp-content/uploads/2024/04/2014-15-Problems-and-Prospects-of-Oilseeds-Production-in-India-1.pdf,✅,pdfs
2014-15-Problems-and-Prospects-of-Oilseeds-Production-in-India.pdf,DAFW,PDF,Unknown,2014-15-Problems-and-Prospects-of-Oilseeds-Product,https://desagri.gov.in/wp-content/uploads/2024/04/2014-15-Problems-and-Prospects-of-Oilseeds-Production-in-India.pdf,✅,pdfs
2015-16-ADOPTION-OF-RECOMMENDED-DOSE-OF-FERTILIZER-ON-SOIL-TEST-BASED-BY-FARMERS-IN-KARNATAKA.pdf,DAFW,PDF,Unknown,2015-16-ADOPTION-OF-RECOMMENDED-DOSE-OF-FERTILIZER,https://desagri.gov.in/wp-content/uploads/2024/04/2015-16-ADOPTION-OF-RECOMMENDED-DOSE-OF-FERTILIZER-ON-SOIL-TEST-BASED-BY-FARMERS-IN-KARNATAKA.pdf,✅,pdfs
2015-16-Adoption-of-Recommended-Doses-of-Fertilizers-on-Soil-Test-Basis-by-Farmers.pdf,DAFW,PDF,Unknown,2015-16-Adoption-of-Recommended-Doses-of-Fertilize,https://desagri.gov.in/wp-content/uploads/2024/03/2015-16-Adoption-of-Recommended-Doses-of-Fertilizers-on-Soil-Test-Basis-by-Farmers.pdf,✅ (cached),pdfs
2015-16-Assessment-of-Marketed-and-Marketable-Surplus-of-Major-Foodgrains-in-India-1.pdf,DAFW,PDF,Unknown,2015-16-Assessment-of-Marketed-and-Marketable-Surp,https://desagri.gov.in/wp-content/uploads/2024/03/2015-16-Assessment-of-Marketed-and-Marketable-Surplus-of-Major-Foodgrains-in-India-1.pdf,✅,pdfs
2015-16-Assessment-of-Marketed-and-Marketable-Surplus-of-Major-Foodgrains-in-India.pdf,DAFW,PDF,Unknown,2015-16-Assessment-of-Marketed-and-Marketable-Surp,https://desagri.gov.in/wp-content/uploads/2024/04/2015-16-Assessment-of-Marketed-and-Marketable-Surplus-of-Major-Foodgrains-in-India.pdf,✅,pdfs
2015-16-IMPACT-OF-SOIL-HEALTH-CARD-SCHEME-ON-PRODUCTION-PRODUCTIVITY-AND-SOIL-HEALTH-IN-INDIA-compressed.pdf,DAFW,PDF,Unknown,2015-16-IMPACT-OF-SOIL-HEALTH-CARD-SCHEME-ON-PRODU,https://desagri.gov.in/wp-content/uploads/2024/04/2015-16-IMPACT-OF-SOIL-HEALTH-CARD-SCHEME-ON-PRODUCTION-PRODUCTIVITY-AND-SOIL-HEALTH-IN-INDIA-compressed.pdf,✅,pdfs
2015-16-IMPACT-OF-SOIL-HEALTH-CARD-SCHEME-ON-PRODUCTION-PRODUCTIVITY-AND-SOIL-HEALTH-IN-INDIA.pdf,DAFW,PDF,Unknown,2015-16-IMPACT-OF-SOIL-HEALTH-CARD-SCHEME-ON-PRODU,https://desagri.gov.in/wp-content/uploads/2024/04/2015-16-IMPACT-OF-SOIL-HEALTH-CARD-SCHEME-ON-PRODUCTION-PRODUCTIVITY-AND-SOIL-HEALTH-IN-INDIA.pdf,✅,pdfs
2015-16_-Enhancing-Rice-Productivity-and-Food-Security-Adoption-of-the-System-of-Rice-Intensification-SRI-in-India.pdf,DAFW,PDF,Unknown,2015-16 -Enhancing-Rice-Productivity-and-Food-Secu,https://desagri.gov.in/wp-content/uploads/2024/03/2015-16_-Enhancing-Rice-Productivity-and-Food-Security-Adoption-of-the-System-of-Rice-Intensification-SRI-in-India.pdf,✅ (cached),pdfs
2016-17-ADOPTION-OF-RECOMMENDED-DOSES-OF-FERTILISERS-ON-SOIL-TEST-BASIS-IN-ANDHRA.pdf,DAFW,PDF,Unknown,2016-17-ADOPTION-OF-RECOMMENDED-DOSES-OF-FERTILISE,https://desagri.gov.in/wp-content/uploads/2024/03/2016-17-ADOPTION-OF-RECOMMENDED-DOSES-OF-FERTILISERS-ON-SOIL-TEST-BASIS-IN-ANDHRA.pdf,✅ (cached),pdfs
2016-17-Economic-Analysis-of-Cost-and-Return-of-Off-Season-Vegetables-with-Focus-on-Polyhouse-Effect-in-Himachal-Pradesh.pdf,DAFW,PDF,Unknown,2016-17-Economic-Analysis-of-Cost-and-Return-of-Of,https://desagri.gov.in/wp-content/uploads/2024/04/2016-17-Economic-Analysis-of-Cost-and-Return-of-Off-Season-Vegetables-with-Focus-on-Polyhouse-Effect-in-Himachal-Pradesh.pdf,✅,pdfs
2016-17-Economic-Analysis-of-Cost-and-Return-of-Off-Season-Vegetables-with-Focus-on-Polyhouse-Effect-in-Jammu-Kashmir.pdf,DAFW,PDF,Unknown,2016-17-Economic-Analysis-of-Cost-and-Return-of-Of,https://desagri.gov.in/wp-content/uploads/2024/04/2016-17-Economic-Analysis-of-Cost-and-Return-of-Off-Season-Vegetables-with-Focus-on-Polyhouse-Effect-in-Jammu-Kashmir.pdf,✅,pdfs
2016-17-Estimation-of-Losses-to-Pulse-Crops-by-Blue-Bulls-in-Uttar-Pradesh.pdf,DAFW,PDF,Unknown,2016-17-Estimation-of-Losses-to-Pulse-Crops-by-Blu,https://desagri.gov.in/wp-content/uploads/2024/03/2016-17-Estimation-of-Losses-to-Pulse-Crops-by-Blue-Bulls-in-Uttar-Pradesh.pdf,✅,pdfs
2016-17-Impact-of-Neem-coated-Urea-A-Case-of-Sugarcane-and-Tur-in-Selected-Districts-of-Maharashtra-1.pdf,DAFW,PDF,Unknown,2016-17-Impact-of-Neem-coated-Urea-A-Case-of-Sugar,https://desagri.gov.in/wp-content/uploads/2024/04/2016-17-Impact-of-Neem-coated-Urea-A-Case-of-Sugarcane-and-Tur-in-Selected-Districts-of-Maharashtra-1.pdf,✅,pdfs
2016-17-Impact-of-Neem-coated-Urea-A-Case-of-Sugarcane-and-Tur-in-Selected-Districts-of-Maharashtra.pdf,DAFW,PDF,Unknown,2016-17-Impact-of-Neem-coated-Urea-A-Case-of-Sugar,https://desagri.gov.in/wp-content/uploads/2024/04/2016-17-Impact-of-Neem-coated-Urea-A-Case-of-Sugarcane-and-Tur-in-Selected-Districts-of-Maharashtra.pdf,✅,pdfs
2016-17-IMPACT-OF-NEEM-COATED-UREA-ON-PRODUCTION-PRODUCTIVITY-AND-SOIL-HEALTH-IN-BIHAR.pdf,DAFW,PDF,Unknown,2016-17-IMPACT-OF-NEEM-COATED-UREA-ON-PRODUCTION-P,https://desagri.gov.in/wp-content/uploads/2024/04/2016-17-IMPACT-OF-NEEM-COATED-UREA-ON-PRODUCTION-PRODUCTIVITY-AND-SOIL-HEALTH-IN-BIHAR.pdf,✅,pdfs
2016-17-Impact-of-Neem-Coated-Urea-on-Production-Productivity-and-Soil-Health-In-Punjab-1.pdf,DAFW,PDF,Unknown,2016-17-Impact-of-Neem-Coated-Urea-on-Production-P,https://desagri.gov.in/wp-content/uploads/2024/04/2016-17-Impact-of-Neem-Coated-Urea-on-Production-Productivity-and-Soil-Health-In-Punjab-1.pdf,✅,pdfs
2016-17-Impact-of-Neem-Coated-Urea-on-Production-Productivity-and-Soil-Health-In-Punjab.pdf,DAFW,PDF,Unknown,2016-17-Impact-of-Neem-Coated-Urea-on-Production-P,https://desagri.gov.in/wp-content/uploads/2024/04/2016-17-Impact-of-Neem-Coated-Urea-on-Production-Productivity-and-Soil-Health-In-Punjab.pdf,✅,pdfs
2016-17-Impact-of-NFSM-on-Input-use-Production-Productivity-and-Income-in-Andhra-Pradesh-1.pdf,DAFW,PDF,Unknown,2016-17-Impact-of-NFSM-on-Input-use-Production-Pro,https://desagri.gov.in/wp-content/uploads/2024/04/2016-17-Impact-of-NFSM-on-Input-use-Production-Productivity-and-Income-in-Andhra-Pradesh-1.pdf,✅,pdfs
2016-17-Impact-of-NFSM-on-Input-use-Production-Productivity-and-Income-in-Andhra-Pradesh.pdf,DAFW,PDF,Unknown,2016-17-Impact-of-NFSM-on-Input-use-Production-Pro,https://desagri.gov.in/wp-content/uploads/2024/04/2016-17-Impact-of-NFSM-on-Input-use-Production-Productivity-and-Income-in-Andhra-Pradesh.pdf,✅,pdfs
2016-17-Indigenous-rice-varieties-in-Sundarban-delta-and-role-in-local-food-security-in-the-face-of-climate-threa.pdf,DAFW,PDF,Unknown,2016-17-Indigenous-rice-varieties-in-Sundarban-del,https://desagri.gov.in/wp-content/uploads/2024/03/2016-17-Indigenous-rice-varieties-in-Sundarban-delta-and-role-in-local-food-security-in-the-face-of-climate-threa.pdf,✅ (cached),pdfs
2016-17-Working-of-Pressurized-Irrigation-Network-Systems-in-Gujarat.pdf,DAFW,PDF,Unknown,2016-17-Working-of-Pressurized-Irrigation-Network-,https://desagri.gov.in/wp-content/uploads/2024/03/2016-17-Working-of-Pressurized-Irrigation-Network-Systems-in-Gujarat.pdf,✅ (cached),pdfs
2017-18-Agri-Clinics-Agri-Business-Centres-ACABC-Scheme-–-A-Case-Study-of-Telangana.pdf,DAFW,PDF,Unknown,2017-18-Agri-Clinics-Agri-Business-Centres-ACABC-S,https://desagri.gov.in/wp-content/uploads/2024/03/2017-18-Agri-Clinics-Agri-Business-Centres-ACABC-Scheme-–-A-Case-Study-of-Telangana.pdf,✅ (cached),pdfs
2017-18-An-Economic-Analysis-of-Protected-Cultivation-under-MIDH-in-Himalayan-States.pdf,DAFW,PDF,Unknown,2017-18-An-Economic-Analysis-of-Protected-Cultivat,https://desagri.gov.in/wp-content/uploads/2024/04/2017-18-An-Economic-Analysis-of-Protected-Cultivation-under-MIDH-in-Himalayan-States.pdf,✅,pdfs
2017-18-Economic-Analysis-of-Cost-and-Return-of-Off-Season-Vegetables-with-Focus-on-Polyhouse-Effect-Consolidated-Report.pdf,DAFW,PDF,Unknown,2017-18-Economic-Analysis-of-Cost-and-Return-of-Of,https://desagri.gov.in/wp-content/uploads/2024/04/2017-18-Economic-Analysis-of-Cost-and-Return-of-Off-Season-Vegetables-with-Focus-on-Polyhouse-Effect-Consolidated-Report.pdf,✅,pdfs
2017-18-Food-Inflation-at-National-and-State-Level-–-Trends-and-Determinants-1.pdf,DAFW,PDF,Unknown,2017-18-Food-Inflation-at-National-and-State-Level,https://desagri.gov.in/wp-content/uploads/2024/04/2017-18-Food-Inflation-at-National-and-State-Level-–-Trends-and-Determinants-1.pdf,✅,pdfs
2017-18-Food-Inflation-at-National-and-State-Level-–-Trends-and-Determinants.pdf,DAFW,PDF,Unknown,2017-18-Food-Inflation-at-National-and-State-Level,https://desagri.gov.in/wp-content/uploads/2024/04/2017-18-Food-Inflation-at-National-and-State-Level-–-Trends-and-Determinants.pdf,✅,pdfs
2017-18-IMPACT-OF-NEEM-COATED-UREA-ON-PRODUCTION-PRODUCTIVITY-AND-SOIL-HEALTH-IN-INDIA-1.pdf,DAFW,PDF,Unknown,2017-18-IMPACT-OF-NEEM-COATED-UREA-ON-PRODUCTION-P,https://desagri.gov.in/wp-content/uploads/2024/04/2017-18-IMPACT-OF-NEEM-COATED-UREA-ON-PRODUCTION-PRODUCTIVITY-AND-SOIL-HEALTH-IN-INDIA-1.pdf,✅,pdfs
2017-18-IMPACT-OF-NEEM-COATED-UREA-ON-PRODUCTION-PRODUCTIVITY-AND-SOIL-HEALTH-IN-INDIA.pdf,DAFW,PDF,Unknown,2017-18-IMPACT-OF-NEEM-COATED-UREA-ON-PRODUCTION-P,https://desagri.gov.in/wp-content/uploads/2024/04/2017-18-IMPACT-OF-NEEM-COATED-UREA-ON-PRODUCTION-PRODUCTIVITY-AND-SOIL-HEALTH-IN-INDIA.pdf,✅,pdfs
2017-18-IMPACT-OF-NEEM-COATED-UREA-ON-PRODUCTION-PRODUCTIVITY-AND-SOIL-HEALTH-IN-KARNATAKA-1.pdf,DAFW,PDF,Unknown,2017-18-IMPACT-OF-NEEM-COATED-UREA-ON-PRODUCTION-P,https://desagri.gov.in/wp-content/uploads/2024/04/2017-18-IMPACT-OF-NEEM-COATED-UREA-ON-PRODUCTION-PRODUCTIVITY-AND-SOIL-HEALTH-IN-KARNATAKA-1.pdf,✅,pdfs
2017-18-IMPACT-OF-NEEM-COATED-UREA-ON-PRODUCTION-PRODUCTIVITY-AND-SOIL-HEALTH-IN-KARNATAKA.pdf,DAFW,PDF,Unknown,2017-18-IMPACT-OF-NEEM-COATED-UREA-ON-PRODUCTION-P,https://desagri.gov.in/wp-content/uploads/2024/04/2017-18-IMPACT-OF-NEEM-COATED-UREA-ON-PRODUCTION-PRODUCTIVITY-AND-SOIL-HEALTH-IN-KARNATAKA.pdf,✅,pdfs
2017-18-Impact-of-Soil-Health-Card-Scheme-on-Production-Productivity-and-soil-Health-in-Maharashtra-1.pdf,DAFW,PDF,Unknown,2017-18-Impact-of-Soil-Health-Card-Scheme-on-Produ,https://desagri.gov.in/wp-content/uploads/2024/04/2017-18-Impact-of-Soil-Health-Card-Scheme-on-Production-Productivity-and-soil-Health-in-Maharashtra-1.pdf,✅,pdfs
2017-18-Impact-of-Soil-Health-Card-Scheme-on-Production-Productivity-and-soil-Health-in-Maharashtra.pdf,DAFW,PDF,Unknown,2017-18-Impact-of-Soil-Health-Card-Scheme-on-Produ,https://desagri.gov.in/wp-content/uploads/2024/04/2017-18-Impact-of-Soil-Health-Card-Scheme-on-Production-Productivity-and-soil-Health-in-Maharashtra.pdf,✅,pdfs
2017-18-Kisan-Call-Centre-KCC-Kisan-Knowledge-Management-System-Farmer-Portal-and-M-Kisan-Portal-in-Karnataka.pdf,DAFW,PDF,Unknown,2017-18-Kisan-Call-Centre-KCC-Kisan-Knowledge-Mana,https://desagri.gov.in/wp-content/uploads/2024/04/2017-18-Kisan-Call-Centre-KCC-Kisan-Knowledge-Management-System-Farmer-Portal-and-M-Kisan-Portal-in-Karnataka.pdf,✅,pdfs
2017-18-LITCHI-PRODUCTION-MARKETING-AND-PROCESSING-IN-BIHAR-AND-INDIA.pdf,DAFW,PDF,Unknown,2017-18-LITCHI-PRODUCTION-MARKETING-AND-PROCESSING,https://desagri.gov.in/wp-content/uploads/2024/03/2017-18-LITCHI-PRODUCTION-MARKETING-AND-PROCESSING-IN-BIHAR-AND-INDIA.pdf,✅ (cached),pdfs
2017-18-Performance-of-Indigenous-and-Imported-seedlings-of-Oil-Palm-in-Andhra-1.pdf,DAFW,PDF,Unknown,2017-18-Performance-of-Indigenous-and-Imported-see,https://desagri.gov.in/wp-content/uploads/2024/04/2017-18-Performance-of-Indigenous-and-Imported-seedlings-of-Oil-Palm-in-Andhra-1.pdf,✅,pdfs
2017-18-Performance-of-Indigenous-and-Imported-seedlings-of-Oil-Palm-in-Andhra.pdf,DAFW,PDF,Unknown,2017-18-Performance-of-Indigenous-and-Imported-see,https://desagri.gov.in/wp-content/uploads/2024/04/2017-18-Performance-of-Indigenous-and-Imported-seedlings-of-Oil-Palm-in-Andhra.pdf,✅,pdfs
2017-18-RELATIONSHIP-BETWEEN-WHOLESALE-PRICES-RETAIL-PRICES-EXPORT-PRICES-PRICES-REALIZED-BY-FARMERS.pdf,DAFW,PDF,Unknown,2017-18-RELATIONSHIP-BETWEEN-WHOLESALE-PRICES-RETA,https://desagri.gov.in/wp-content/uploads/2024/03/2017-18-RELATIONSHIP-BETWEEN-WHOLESALE-PRICES-RETAIL-PRICES-EXPORT-PRICES-PRICES-REALIZED-BY-FARMERS.pdf,✅ (cached),pdfs
2017-18-Study-of-Kisan-Call-Centre-KCC-Kisan-Knowledge-Management-System-Farmers-Portal-and-M-Kisan-Portal.pdf,DAFW,PDF,Unknown,2017-18-Study-of-Kisan-Call-Centre-KCC-Kisan-Knowl,https://desagri.gov.in/wp-content/uploads/2024/03/2017-18-Study-of-Kisan-Call-Centre-KCC-Kisan-Knowledge-Management-System-Farmers-Portal-and-M-Kisan-Portal.pdf,✅ (cached),pdfs
2017-18-Working-of-Pressurised-Irrigation-Network-Systems-PINS-in-Telangana.pdf,DAFW,PDF,Unknown,2017-18-Working-of-Pressurised-Irrigation-Network-,https://desagri.gov.in/wp-content/uploads/2024/03/2017-18-Working-of-Pressurised-Irrigation-Network-Systems-PINS-in-Telangana.pdf,✅ (cached),pdfs
2017-18-Working-of-Pressurized-Irrigation-Network-Systems-in-India.pdf,DAFW,PDF,Unknown,2017-18-Working-of-Pressurized-Irrigation-Network-,https://desagri.gov.in/wp-content/uploads/2024/03/2017-18-Working-of-Pressurized-Irrigation-Network-Systems-in-India.pdf,✅ (cached),pdfs
2018-19-A-comprehensive-study-on-the-issue-of-coconut-production-in-Karnataka.pdf,DAFW,PDF,Unknown,2018-19-A-comprehensive-study-on-the-issue-of-coco,https://desagri.gov.in/wp-content/uploads/2024/04/2018-19-A-comprehensive-study-on-the-issue-of-coconut-production-in-Karnataka.pdf,✅,pdfs
2018-19-An-Analysis-of-Supply-Chain-of-Maize-Marketing-and-Possibility-of-its-Value-Addition-in-Bihar-1.pdf,DAFW,PDF,Unknown,2018-19-An-Analysis-of-Supply-Chain-of-Maize-Marke,https://desagri.gov.in/wp-content/uploads/2024/03/2018-19-An-Analysis-of-Supply-Chain-of-Maize-Marketing-and-Possibility-of-its-Value-Addition-in-Bihar-1.pdf,✅,pdfs
2018-19-An-Analysis-of-Supply-Chain-of-Maize-Marketing-and-Possibility-of-its-Value-Addition-in-Bihar-2.pdf,DAFW,PDF,Unknown,2018-19-An-Analysis-of-Supply-Chain-of-Maize-Marke,https://desagri.gov.in/wp-content/uploads/2024/03/2018-19-An-Analysis-of-Supply-Chain-of-Maize-Marketing-and-Possibility-of-its-Value-Addition-in-Bihar-2.pdf,✅,pdfs
2018-19-AN-ANALYSIS-OF-SUPPLY-CHAIN-OF-MAIZE-MARKETING-AND-POSSIBILITY-OF-ITS-VALUE-ADDITION-IN-ODISHA-STATE.pdf,DAFW,PDF,Unknown,2018-19-AN-ANALYSIS-OF-SUPPLY-CHAIN-OF-MAIZE-MARKE,https://desagri.gov.in/wp-content/uploads/2024/03/2018-19-AN-ANALYSIS-OF-SUPPLY-CHAIN-OF-MAIZE-MARKETING-AND-POSSIBILITY-OF-ITS-VALUE-ADDITION-IN-ODISHA-STATE.pdf,✅ (cached),pdfs
2018-19-Assessment-of-the-Status-of-Dairying.pdf,DAFW,PDF,Unknown,2018-19-Assessment-of-the-Status-of-Dairying,https://desagri.gov.in/wp-content/uploads/2024/03/2018-19-Assessment-of-the-Status-of-Dairying.pdf,✅ (cached),pdfs
2018-19-COMPARATIVE-ECONOMICS-OF-COFFEE-CULTIVATION-IN-VISAKHAPATNAM-AND-KORAPUT-DISTRICTS.pdf,DAFW,PDF,Unknown,2018-19-COMPARATIVE-ECONOMICS-OF-COFFEE-CULTIVATIO,https://desagri.gov.in/wp-content/uploads/2024/03/2018-19-COMPARATIVE-ECONOMICS-OF-COFFEE-CULTIVATION-IN-VISAKHAPATNAM-AND-KORAPUT-DISTRICTS.pdf,✅ (cached),pdfs
2018-19-Electronic-National-Agricultural-Market-e-NAM-A-Review-of-Performance-and-Prospects-in-Haryana-1.pdf,DAFW,PDF,Unknown,2018-19-Electronic-National-Agricultural-Market-e-,https://desagri.gov.in/wp-content/uploads/2024/03/2018-19-Electronic-National-Agricultural-Market-e-NAM-A-Review-of-Performance-and-Prospects-in-Haryana-1.pdf,✅,pdfs
2018-19-Electronic-National-Agricultural-Market-e-NAM-A-Review-of-Performance-and-Prospects-in-Haryana.pdf,DAFW,PDF,Unknown,2018-19-Electronic-National-Agricultural-Market-e-,https://desagri.gov.in/wp-content/uploads/2024/04/2018-19-Electronic-National-Agricultural-Market-e-NAM-A-Review-of-Performance-and-Prospects-in-Haryana.pdf,✅,pdfs
2018-19-IMPACT-OF-NATIONAL-FOOD-SECURITY-MISSION-ON-INPUT-USE-YIELD-AND-INCOME-1.pdf,DAFW,PDF,Unknown,2018-19-IMPACT-OF-NATIONAL-FOOD-SECURITY-MISSION-O,https://desagri.gov.in/wp-content/uploads/2024/04/2018-19-IMPACT-OF-NATIONAL-FOOD-SECURITY-MISSION-ON-INPUT-USE-YIELD-AND-INCOME-1.pdf,✅,pdfs
2018-19-IMPACT-OF-NATIONAL-FOOD-SECURITY-MISSION-ON-INPUT-USE-YIELD-AND-INCOME.pdf,DAFW,PDF,Unknown,2018-19-IMPACT-OF-NATIONAL-FOOD-SECURITY-MISSION-O,https://desagri.gov.in/wp-content/uploads/2024/04/2018-19-IMPACT-OF-NATIONAL-FOOD-SECURITY-MISSION-ON-INPUT-USE-YIELD-AND-INCOME.pdf,✅,pdfs
2018-19-Performance-Evaluation-of-PMFBY-in-Bihar-1.pdf,DAFW,PDF,Unknown,2018-19-Performance-Evaluation-of-PMFBY-in-Bihar-1,https://desagri.gov.in/wp-content/uploads/2024/03/2018-19-Performance-Evaluation-of-PMFBY-in-Bihar-1.pdf,✅,pdfs
2018-19-Performance-Evaluation-of-PMFBY-in-Bihar-2.pdf,DAFW,PDF,Unknown,2018-19-Performance-Evaluation-of-PMFBY-in-Bihar-2,https://desagri.gov.in/wp-content/uploads/2024/03/2018-19-Performance-Evaluation-of-PMFBY-in-Bihar-2.pdf,✅,pdfs
2018-19-Performance-Evaluation-of-PMFBY-in-Bihar.pdf,DAFW,PDF,Unknown,2018-19-Performance-Evaluation-of-PMFBY-in-Bihar,https://desagri.gov.in/wp-content/uploads/2024/03/2018-19-Performance-Evaluation-of-PMFBY-in-Bihar.pdf,✅,pdfs
2018-19-Performance-Evaluation-of-Pradhan-Mantri-Fasal-Bima-Yojana-PMFBY-in-West-Bengal.pdf,DAFW,PDF,Unknown,2018-19-Performance-Evaluation-of-Pradhan-Mantri-F,https://desagri.gov.in/wp-content/uploads/2024/04/2018-19-Performance-Evaluation-of-Pradhan-Mantri-Fasal-Bima-Yojana-PMFBY-in-West-Bengal.pdf,✅,pdfs
2018-19-PERFORMANCE-EVALUATION-OF-PRADHAN-MANTRI-FASAL-BIMA-YOJANA-PMFBY-PART-I-Governance-Analysis.pdf,DAFW,PDF,Unknown,2018-19-PERFORMANCE-EVALUATION-OF-PRADHAN-MANTRI-F,https://desagri.gov.in/wp-content/uploads/2024/03/2018-19-PERFORMANCE-EVALUATION-OF-PRADHAN-MANTRI-FASAL-BIMA-YOJANA-PMFBY-PART-I-Governance-Analysis.pdf,✅ (cached),pdfs
2018-19-PRADHAN-MANTRI-FASAL-BIMA-YOJANA-PMFBY-PART-II-Uptake-and-Willingness-To-Pay.pdf,DAFW,PDF,Unknown,2018-19-PRADHAN-MANTRI-FASAL-BIMA-YOJANA-PMFBY-PAR,https://desagri.gov.in/wp-content/uploads/2024/03/2018-19-PRADHAN-MANTRI-FASAL-BIMA-YOJANA-PMFBY-PART-II-Uptake-and-Willingness-To-Pay.pdf,✅ (cached),pdfs
2018-19-Price-Volatility-and-Major-Issues-in-Demand-and-Supply-Management-of-Onion-in-Gujarat.pdf,DAFW,PDF,Unknown,2018-19-Price-Volatility-and-Major-Issues-in-Deman,https://desagri.gov.in/wp-content/uploads/2024/03/2018-19-Price-Volatility-and-Major-Issues-in-Demand-and-Supply-Management-of-Onion-in-Gujarat.pdf,✅ (cached),pdfs
2018-19-Solarisation-of-Agricultural-Water-Pumps-in-Rajasthan.pdf,DAFW,PDF,Unknown,2018-19-Solarisation-of-Agricultural-Water-Pumps-i,https://desagri.gov.in/wp-content/uploads/2024/03/2018-19-Solarisation-of-Agricultural-Water-Pumps-in-Rajasthan.pdf,✅ (cached),pdfs
2018-19-Trade-Policy-and-the-Edible-Oilseed-Sector-of-India-1.pdf,DAFW,PDF,Unknown,2018-19-Trade-Policy-and-the-Edible-Oilseed-Sector,https://desagri.gov.in/wp-content/uploads/2024/04/2018-19-Trade-Policy-and-the-Edible-Oilseed-Sector-of-India-1.pdf,✅,pdfs
2018-19-Trade-Policy-and-the-Edible-Oilseed-Sector-of-India.pdf,DAFW,PDF,Unknown,2018-19-Trade-Policy-and-the-Edible-Oilseed-Sector,https://desagri.gov.in/wp-content/uploads/2024/04/2018-19-Trade-Policy-and-the-Edible-Oilseed-Sector-of-India.pdf,✅,pdfs
2018-19-UPTAKE-ANALYSIS-OF-PRADHAN-MANTRI-FASAL-BIMA-YOJANA-IN-KARNATAKA.pdf,DAFW,PDF,Unknown,2018-19-UPTAKE-ANALYSIS-OF-PRADHAN-MANTRI-FASAL-BI,https://desagri.gov.in/wp-content/uploads/2024/04/2018-19-UPTAKE-ANALYSIS-OF-PRADHAN-MANTRI-FASAL-BIMA-YOJANA-IN-KARNATAKA.pdf,✅,pdfs
2018-19_Performance-of-Pradhan-Mantri-Fasal-Bima-Yojana-PMFBY-in-Gujarat-Uptake-Adoption-Willingness-to-Pay.pdf,DAFW,PDF,Unknown,2018-19 Performance-of-Pradhan-Mantri-Fasal-Bima-Y,https://desagri.gov.in/wp-content/uploads/2024/03/2018-19_Performance-of-Pradhan-Mantri-Fasal-Bima-Yojana-PMFBY-in-Gujarat-Uptake-Adoption-Willingness-to-Pay.pdf,✅ (cached),pdfs
2019-19-Solarisation-of-Agricultural-Water-Pumps-in-Western-India.pdf,DAFW,PDF,Unknown,2019-19-Solarisation-of-Agricultural-Water-Pumps-i,https://desagri.gov.in/wp-content/uploads/2024/03/2019-19-Solarisation-of-Agricultural-Water-Pumps-in-Western-India.pdf,✅ (cached),pdfs
2019-20-Assessment-of-Livestock-Feed-and-Fodder-in-Gujarat.pdf,DAFW,PDF,Unknown,2019-20-Assessment-of-Livestock-Feed-and-Fodder-in,https://desagri.gov.in/wp-content/uploads/2024/03/2019-20-Assessment-of-Livestock-Feed-and-Fodder-in-Gujarat.pdf,✅ (cached),pdfs
2019-20-Farmers-Participation-in-Indias-Futures-Markets.pdf,DAFW,PDF,Unknown,2019-20-Farmers-Participation-in-Indias-Futures-Ma,https://desagri.gov.in/wp-content/uploads/2024/04/2019-20-Farmers-Participation-in-Indias-Futures-Markets.pdf,✅,pdfs
2019-20-Impact-Evaluation-of-Farm-Debt-Waiver-Scheme-on-Farmers-Livelihood-in-Punjab.pdf,DAFW,PDF,Unknown,2019-20-Impact-Evaluation-of-Farm-Debt-Waiver-Sche,https://desagri.gov.in/wp-content/uploads/2024/04/2019-20-Impact-Evaluation-of-Farm-Debt-Waiver-Scheme-on-Farmers-Livelihood-in-Punjab.pdf,✅,pdfs
2019-20-Jhuming-to-Mainstream-Farming-as-an-Alternative-way-of-Livelihood-among-the-Tribals-of-Tripura-1.pdf,DAFW,PDF,Unknown,2019-20-Jhuming-to-Mainstream-Farming-as-an-Altern,https://desagri.gov.in/wp-content/uploads/2024/04/2019-20-Jhuming-to-Mainstream-Farming-as-an-Alternative-way-of-Livelihood-among-the-Tribals-of-Tripura-1.pdf,✅,pdfs
2019-20-Jhuming-to-Mainstream-Farming-as-an-Alternative-way-of-Livelihood-among-the-Tribals-of-Tripura.pdf,DAFW,PDF,Unknown,2019-20-Jhuming-to-Mainstream-Farming-as-an-Altern,https://desagri.gov.in/wp-content/uploads/2024/04/2019-20-Jhuming-to-Mainstream-Farming-as-an-Alternative-way-of-Livelihood-among-the-Tribals-of-Tripura.pdf,✅,pdfs
2019-20-PMKSY_PDMC-in-Telangana.pdf,DAFW,PDF,Unknown,2019-20-PMKSY PDMC-in-Telangana,https://desagri.gov.in/wp-content/uploads/2024/03/2019-20-PMKSY_PDMC-in-Telangana.pdf,✅ (cached),pdfs
2019-20-Production-Markets-and-Trade-Factors-Affecting-Pulses-in-India.pdf,DAFW,PDF,Unknown,2019-20-Production-Markets-and-Trade-Factors-Affec,https://desagri.gov.in/wp-content/uploads/2024/03/2019-20-Production-Markets-and-Trade-Factors-Affecting-Pulses-in-India.pdf,✅ (cached),pdfs
2019-20-Strategies-to-Bridge-Yield-Gap-of-Major-Crops-in-Bundelkhand-region-of-Madhya-Pradesh.pdf,DAFW,PDF,Unknown,2019-20-Strategies-to-Bridge-Yield-Gap-of-Major-Cr,https://desagri.gov.in/wp-content/uploads/2024/03/2019-20-Strategies-to-Bridge-Yield-Gap-of-Major-Crops-in-Bundelkhand-region-of-Madhya-Pradesh.pdf,✅ (cached),pdfs
202-21-Improving-Water-Use-Efficiency-in-Indias-Agriculture-Micro-Irrigation-under-PMKSY-PDMC-in-Sikkim.pdf,DAFW,PDF,Unknown,202-21-Improving-Water-Use-Efficiency-in-Indias-Ag,https://desagri.gov.in/wp-content/uploads/2024/04/202-21-Improving-Water-Use-Efficiency-in-Indias-Agriculture-Micro-Irrigation-under-PMKSY-PDMC-in-Sikkim.pdf,✅,pdfs
2020-12-Village-Survey-Report_-Palakurichi-A-Resurvey-2019.pdf,DAFW,PDF,Unknown,2020-12-Village-Survey-Report -Palakurichi-A-Resur,https://desagri.gov.in/wp-content/uploads/2024/04/2020-12-Village-Survey-Report_-Palakurichi-A-Resurvey-2019.pdf,✅ (cached),pdfs
2020-21-Assessing-the-Impact-of-Covid-19-on-Sugarcane-farmers-in-Haryana-and-Uttarakhand.pdf,DAFW,PDF,Unknown,2020-21-Assessing-the-Impact-of-Covid-19-on-Sugarc,https://desagri.gov.in/wp-content/uploads/2024/04/2020-21-Assessing-the-Impact-of-Covid-19-on-Sugarcane-farmers-in-Haryana-and-Uttarakhand.pdf,✅,pdfs
2020-21-Assessment-of-Feed-and-Fodder-in-Kerala-1.pdf,DAFW,PDF,Unknown,2020-21-Assessment-of-Feed-and-Fodder-in-Kerala-1,https://desagri.gov.in/wp-content/uploads/2024/03/2020-21-Assessment-of-Feed-and-Fodder-in-Kerala-1.pdf,✅,pdfs
2020-21-Assessment-of-Feed-and-Fodder-in-Kerala.pdf,DAFW,PDF,Unknown,2020-21-Assessment-of-Feed-and-Fodder-in-Kerala,https://desagri.gov.in/wp-content/uploads/2024/03/2020-21-Assessment-of-Feed-and-Fodder-in-Kerala.pdf,✅,pdfs
2020-21-Assessment-of-Livestock-Feed-and-Fodder-in-Haryana-1.pdf,DAFW,PDF,Unknown,2020-21-Assessment-of-Livestock-Feed-and-Fodder-in,https://desagri.gov.in/wp-content/uploads/2024/03/2020-21-Assessment-of-Livestock-Feed-and-Fodder-in-Haryana-1.pdf,✅,pdfs
2020-21-Assessment-of-Livestock-Feed-and-Fodder-in-Haryana.pdf,DAFW,PDF,Unknown,2020-21-Assessment-of-Livestock-Feed-and-Fodder-in,https://desagri.gov.in/wp-content/uploads/2024/03/2020-21-Assessment-of-Livestock-Feed-and-Fodder-in-Haryana.pdf,✅,pdfs
2020-21-Assessment-of-Livestock-Feed-and-Fodder-in-the-State-of-West-Bengal.pdf,DAFW,PDF,Unknown,2020-21-Assessment-of-Livestock-Feed-and-Fodder-in,https://desagri.gov.in/wp-content/uploads/2024/04/2020-21-Assessment-of-Livestock-Feed-and-Fodder-in-the-State-of-West-Bengal.pdf,✅,pdfs
2020-21-Electronic-National-Agricultural-Market-e-NAM-A-Review-of-Performance-and-Prospects-1.pdf,DAFW,PDF,Unknown,2020-21-Electronic-National-Agricultural-Market-e-,https://desagri.gov.in/wp-content/uploads/2024/03/2020-21-Electronic-National-Agricultural-Market-e-NAM-A-Review-of-Performance-and-Prospects-1.pdf,✅,pdfs
2020-21-Electronic-National-Agricultural-Market-e-NAM-A-Review-of-Performance-and-Prospects.pdf,DAFW,PDF,Unknown,2020-21-Electronic-National-Agricultural-Market-e-,https://desagri.gov.in/wp-content/uploads/2024/04/2020-21-Electronic-National-Agricultural-Market-e-NAM-A-Review-of-Performance-and-Prospects.pdf,✅,pdfs
2020-21-EVALUATION-OF-ZERO-BUDGET-NATURAL-FARMING-ZBNF-INITIATIVES-IN-ANDHRA-PRADESH-1.pdf,DAFW,PDF,Unknown,2020-21-EVALUATION-OF-ZERO-BUDGET-NATURAL-FARMING-,https://desagri.gov.in/wp-content/uploads/2024/04/2020-21-EVALUATION-OF-ZERO-BUDGET-NATURAL-FARMING-ZBNF-INITIATIVES-IN-ANDHRA-PRADESH-1.pdf,✅,pdfs
2020-21-EVALUATION-OF-ZERO-BUDGET-NATURAL-FARMING-ZBNF-INITIATIVES-IN-ANDHRA-PRADESH.pdf,DAFW,PDF,Unknown,2020-21-EVALUATION-OF-ZERO-BUDGET-NATURAL-FARMING-,https://desagri.gov.in/wp-content/uploads/2024/04/2020-21-EVALUATION-OF-ZERO-BUDGET-NATURAL-FARMING-ZBNF-INITIATIVES-IN-ANDHRA-PRADESH.pdf,✅,pdfs
2020-21-Farm-Profitability-due-to-Market-Imperfections-in-Bihar.pdf,DAFW,PDF,Unknown,2020-21-Farm-Profitability-due-to-Market-Imperfect,https://desagri.gov.in/wp-content/uploads/2024/04/2020-21-Farm-Profitability-due-to-Market-Imperfections-in-Bihar.pdf,✅,pdfs
2020-21-Impact-Evaluation-of-Farm-Debt-Waiver-Scheme-on-Farmers-Livelihood-in-India.pdf,DAFW,PDF,Unknown,2020-21-Impact-Evaluation-of-Farm-Debt-Waiver-Sche,https://desagri.gov.in/wp-content/uploads/2024/04/2020-21-Impact-Evaluation-of-Farm-Debt-Waiver-Scheme-on-Farmers-Livelihood-in-India.pdf,✅,pdfs
2020-21-Improving-Water-Use-Efficiency-in-Indias-Agriculture-Micro-Irrigation-under-PMKSY-PDMC-in-Sikkim.pdf,DAFW,PDF,Unknown,2020-21-Improving-Water-Use-Efficiency-in-Indias-A,https://desagri.gov.in/wp-content/uploads/2024/03/2020-21-Improving-Water-Use-Efficiency-in-Indias-Agriculture-Micro-Irrigation-under-PMKSY-PDMC-in-Sikkim.pdf,✅,pdfs
2020-21-Market-Analysis-of-Bamboo-Products-in-Assam.pdf,DAFW,PDF,Unknown,2020-21-Market-Analysis-of-Bamboo-Products-in-Assa,https://desagri.gov.in/wp-content/uploads/2024/03/2020-21-Market-Analysis-of-Bamboo-Products-in-Assam.pdf,✅ (cached),pdfs
2020-21-Market-Imperfections-and-Farm-Profitability-in-Gujarat-1.pdf,DAFW,PDF,Unknown,2020-21-Market-Imperfections-and-Farm-Profitabilit,https://desagri.gov.in/wp-content/uploads/2024/04/2020-21-Market-Imperfections-and-Farm-Profitability-in-Gujarat-1.pdf,✅,pdfs
2020-21-Market-Imperfections-and-Farm-Profitability-in-Gujarat-2.pdf,DAFW,PDF,Unknown,2020-21-Market-Imperfections-and-Farm-Profitabilit,https://desagri.gov.in/wp-content/uploads/2024/04/2020-21-Market-Imperfections-and-Farm-Profitability-in-Gujarat-2.pdf,✅,pdfs
2020-21-Market-Imperfections-and-Farm-Profitability-in-Madhya-Pradesh-1.pdf,DAFW,PDF,Unknown,2020-21-Market-Imperfections-and-Farm-Profitabilit,https://desagri.gov.in/wp-content/uploads/2024/04/2020-21-Market-Imperfections-and-Farm-Profitability-in-Madhya-Pradesh-1.pdf,✅,pdfs
2020-21-Micro-Irrigation-under-PMKSY-PDMC-in-Madhya-Pradesh.pdf,DAFW,PDF,Unknown,2020-21-Micro-Irrigation-under-PMKSY-PDMC-in-Madhy,https://desagri.gov.in/wp-content/uploads/2024/03/2020-21-Micro-Irrigation-under-PMKSY-PDMC-in-Madhya-Pradesh.pdf,✅ (cached),pdfs
2020-21-Pradhan-Mantri-Krishi-Sinchayee-Yojana-PMKSY-Per-Drop-More-Crop.pdf,DAFW,PDF,Unknown,2020-21-Pradhan-Mantri-Krishi-Sinchayee-Yojana-PMK,https://desagri.gov.in/wp-content/uploads/2024/03/2020-21-Pradhan-Mantri-Krishi-Sinchayee-Yojana-PMKSY-Per-Drop-More-Crop.pdf,✅ (cached),pdfs
2020-21-Relevance-and-Distribution-Efficiency-of-Seed-Mini-Kits-of-Pulses-in-Madhya-Pradesh-1.pdf,DAFW,PDF,Unknown,2020-21-Relevance-and-Distribution-Efficiency-of-S,https://desagri.gov.in/wp-content/uploads/2024/04/2020-21-Relevance-and-Distribution-Efficiency-of-Seed-Mini-Kits-of-Pulses-in-Madhya-Pradesh-1.pdf,✅,pdfs
2020-21-Relevance-and-Distribution-Efficiency-of-Seed-Mini-Kits-of-Pulses-in-Madhya-Pradesh.pdf,DAFW,PDF,Unknown,2020-21-Relevance-and-Distribution-Efficiency-of-S,https://desagri.gov.in/wp-content/uploads/2024/04/2020-21-Relevance-and-Distribution-Efficiency-of-Seed-Mini-Kits-of-Pulses-in-Madhya-Pradesh.pdf,✅,pdfs
2020-21-Relevance-and-Distribution-Efficiency-of-Seed-Minikits-in-Pulses-in-Bihar.pdf,DAFW,PDF,Unknown,2020-21-Relevance-and-Distribution-Efficiency-of-S,https://desagri.gov.in/wp-content/uploads/2024/04/2020-21-Relevance-and-Distribution-Efficiency-of-Seed-Minikits-in-Pulses-in-Bihar.pdf,✅ (cached),pdfs
2020-21-Relevance-and-Distribution-Efficiency-of-Seed-Minikits-of-Pulses-in-Maharashtra-1.pdf,DAFW,PDF,Unknown,2020-21-Relevance-and-Distribution-Efficiency-of-S,https://desagri.gov.in/wp-content/uploads/2024/04/2020-21-Relevance-and-Distribution-Efficiency-of-Seed-Minikits-of-Pulses-in-Maharashtra-1.pdf,✅,pdfs
2020-21-Relevance-and-Distribution-Efficiency-of-Seed-Minikits-of-Pulses-in-Maharashtra.pdf,DAFW,PDF,Unknown,2020-21-Relevance-and-Distribution-Efficiency-of-S,https://desagri.gov.in/wp-content/uploads/2024/04/2020-21-Relevance-and-Distribution-Efficiency-of-Seed-Minikits-of-Pulses-in-Maharashtra.pdf,✅,pdfs
2020-21-Relevance-and-Distribution-Efficiency-of-seed-Minikits-of-Pulses-in-Rajasthan.pdf,DAFW,PDF,Unknown,2020-21-Relevance-and-Distribution-Efficiency-of-s,https://desagri.gov.in/wp-content/uploads/2024/04/2020-21-Relevance-and-Distribution-Efficiency-of-seed-Minikits-of-Pulses-in-Rajasthan.pdf,✅,pdfs
2020-21-Strategies-to-Bridge-Yield-Gap-of-Major-Crops-in-Bundelkhand-Region-of-India-Consolidated.pdf,DAFW,PDF,Unknown,2020-21-Strategies-to-Bridge-Yield-Gap-of-Major-Cr,https://desagri.gov.in/wp-content/uploads/2024/04/2020-21-Strategies-to-Bridge-Yield-Gap-of-Major-Crops-in-Bundelkhand-Region-of-India-Consolidated.pdf,✅,pdfs
2020-21-Sugarcane-Transportation-and-Harvesting-Cost.pdf,DAFW,PDF,Unknown,2020-21-Sugarcane-Transportation-and-Harvesting-Co,https://desagri.gov.in/wp-content/uploads/2024/04/2020-21-Sugarcane-Transportation-and-Harvesting-Cost.pdf,✅ (cached),pdfs
2020-21-The-Extent-of-Erosion-into-Farm-Profitability-due-to-Market-Imperfections-in-Punjab-1.pdf,DAFW,PDF,Unknown,2020-21-The-Extent-of-Erosion-into-Farm-Profitabil,https://desagri.gov.in/wp-content/uploads/2024/04/2020-21-The-Extent-of-Erosion-into-Farm-Profitability-due-to-Market-Imperfections-in-Punjab-1.pdf,✅,pdfs
2020-21-The-Extent-of-Erosion-into-Farm-Profitability-due-to-Market-Imperfections-in-Punjab.pdf,DAFW,PDF,Unknown,2020-21-The-Extent-of-Erosion-into-Farm-Profitabil,https://desagri.gov.in/wp-content/uploads/2024/04/2020-21-The-Extent-of-Erosion-into-Farm-Profitability-due-to-Market-Imperfections-in-Punjab.pdf,✅,pdfs
2020-21-Understanding-Performance-and-Impact-of-producer-in-India.pdf,DAFW,PDF,Unknown,2020-21-Understanding-Performance-and-Impact-of-pr,https://desagri.gov.in/wp-content/uploads/2024/03/2020-21-Understanding-Performance-and-Impact-of-producer-in-India.pdf,✅ (cached),pdfs
2020-21-Village-Survey-Study-in-Gujarat-1.pdf,DAFW,PDF,Unknown,2020-21-Village-Survey-Study-in-Gujarat-1,https://desagri.gov.in/wp-content/uploads/2024/04/2020-21-Village-Survey-Study-in-Gujarat-1.pdf,✅,pdfs
2020-21-Village-Survey-Study-in-Gujarat.pdf,DAFW,PDF,Unknown,2020-21-Village-Survey-Study-in-Gujarat,https://desagri.gov.in/wp-content/uploads/2024/04/2020-21-Village-Survey-Study-in-Gujarat.pdf,✅,pdfs
2020-21-Village-Survey-Study-in-Maharashta-Gulumb-Village-1.pdf,DAFW,PDF,Unknown,2020-21-Village-Survey-Study-in-Maharashta-Gulumb-,https://desagri.gov.in/wp-content/uploads/2024/04/2020-21-Village-Survey-Study-in-Maharashta-Gulumb-Village-1.pdf,✅,pdfs
2020-21-Village-Survey-Study-in-Maharashta-Gulumb-Village.pdf,DAFW,PDF,Unknown,2020-21-Village-Survey-Study-in-Maharashta-Gulumb-,https://desagri.gov.in/wp-content/uploads/2024/04/2020-21-Village-Survey-Study-in-Maharashta-Gulumb-Village.pdf,✅,pdfs
2020-21-Village-Survey-Study-in-Rajasthan-1.pdf,DAFW,PDF,Unknown,2020-21-Village-Survey-Study-in-Rajasthan-1,https://desagri.gov.in/wp-content/uploads/2024/04/2020-21-Village-Survey-Study-in-Rajasthan-1.pdf,✅,pdfs
2020-21-Village-Survey-Study-in-Rajasthan.pdf,DAFW,PDF,Unknown,2020-21-Village-Survey-Study-in-Rajasthan,https://desagri.gov.in/wp-content/uploads/2024/04/2020-21-Village-Survey-Study-in-Rajasthan.pdf,✅,pdfs
2020-21-Village-Survey-Study-in-Uttar-Pradesh.pdf,DAFW,PDF,Unknown,2020-21-Village-Survey-Study-in-Uttar-Pradesh,https://desagri.gov.in/wp-content/uploads/2024/04/2020-21-Village-Survey-Study-in-Uttar-Pradesh.pdf,✅,pdfs
2020-21-Village-Survey-Study-Village-Sohuan-Punjab-1.pdf,DAFW,PDF,Unknown,2020-21-Village-Survey-Study-Village-Sohuan-Punjab,https://desagri.gov.in/wp-content/uploads/2024/04/2020-21-Village-Survey-Study-Village-Sohuan-Punjab-1.pdf,✅,pdfs
2020-21-Village-Survey-Study-Village-Sohuan-Punjab.pdf,DAFW,PDF,Unknown,2020-21-Village-Survey-Study-Village-Sohuan-Punjab,https://desagri.gov.in/wp-content/uploads/2024/04/2020-21-Village-Survey-Study-Village-Sohuan-Punjab.pdf,✅,pdfs
2020-21Assessment-of-Ratio-of-different-Products-of-Spices-being-marketed_Study-based-on-ginger-and-turmeric.pdf,DAFW,PDF,Unknown,2020-21Assessment-of-Ratio-of-different-Products-o,https://desagri.gov.in/wp-content/uploads/2024/03/2020-21Assessment-of-Ratio-of-different-Products-of-Spices-being-marketed_Study-based-on-ginger-and-turmeric.pdf,✅ (cached),pdfs
2021-22-AGRICULTURAL-MARKET-IMPERFECTIONS-AND-FARM-PROFITABILITY-1.pdf,DAFW,PDF,Unknown,2021-22-AGRICULTURAL-MARKET-IMPERFECTIONS-AND-FARM,https://desagri.gov.in/wp-content/uploads/2024/04/2021-22-AGRICULTURAL-MARKET-IMPERFECTIONS-AND-FARM-PROFITABILITY-1.pdf,✅,pdfs
2021-22-AGRICULTURAL-MARKET-IMPERFECTIONS-AND-FARM-PROFITABILITY.pdf,DAFW,PDF,Unknown,2021-22-AGRICULTURAL-MARKET-IMPERFECTIONS-AND-FARM,https://desagri.gov.in/wp-content/uploads/2024/04/2021-22-AGRICULTURAL-MARKET-IMPERFECTIONS-AND-FARM-PROFITABILITY.pdf,✅,pdfs
2021-22-Castor-Crop-Cultivation-in-Gujarat-1.pdf,DAFW,PDF,Unknown,2021-22-Castor-Crop-Cultivation-in-Gujarat-1,https://desagri.gov.in/wp-content/uploads/2024/04/2021-22-Castor-Crop-Cultivation-in-Gujarat-1.pdf,✅,pdfs
2021-22-Castor-Crop-Cultivation-in-Gujarat.pdf,DAFW,PDF,Unknown,2021-22-Castor-Crop-Cultivation-in-Gujarat,https://desagri.gov.in/wp-content/uploads/2024/04/2021-22-Castor-Crop-Cultivation-in-Gujarat.pdf,✅,pdfs
2021-22-Futures-Market-for-Agriculture-Commodities-in-India.pdf,DAFW,PDF,Unknown,2021-22-Futures-Market-for-Agriculture-Commodities,https://desagri.gov.in/wp-content/uploads/2024/03/2021-22-Futures-Market-for-Agriculture-Commodities-in-India.pdf,✅ (cached),pdfs
2021-22-IdentIfIcatIon-of-nodal-markets-for-prIce-monItorIng.pdf,DAFW,PDF,Unknown,2021-22-IdentIfIcatIon-of-nodal-markets-for-prIce-,https://desagri.gov.in/wp-content/uploads/2024/04/2021-22-IdentIfIcatIon-of-nodal-markets-for-prIce-monItorIng.pdf,✅,pdfs
2021-22-Micro-Irrigation-under-the-Pradhan-Mantri-Krishi-Sinchayee-Yojana-PMKSY-PDMC-in-Maharashtra.pdf,DAFW,PDF,Unknown,2021-22-Micro-Irrigation-under-the-Pradhan-Mantri-,https://desagri.gov.in/wp-content/uploads/2024/03/2021-22-Micro-Irrigation-under-the-Pradhan-Mantri-Krishi-Sinchayee-Yojana-PMKSY-PDMC-in-Maharashtra.pdf,✅ (cached),pdfs
2021-22-Requirement-and-Availability-of-Cold-Chain-for-Fruits-and-Vegetables-in-the-Country.pdf,DAFW,PDF,Unknown,2021-22-Requirement-and-Availability-of-Cold-Chain,https://desagri.gov.in/wp-content/uploads/2024/03/2021-22-Requirement-and-Availability-of-Cold-Chain-for-Fruits-and-Vegetables-in-the-Country.pdf,✅ (cached),pdfs
2021-22-SEED-MINIKITS-OF-PULSES-1.pdf,DAFW,PDF,Unknown,2021-22-SEED-MINIKITS-OF-PULSES-1,https://desagri.gov.in/wp-content/uploads/2024/04/2021-22-SEED-MINIKITS-OF-PULSES-1.pdf,✅,pdfs
2021-22-Seed-Minikits-of-Pulses-Program-Relevance-and-Distribution-Efficiency-in-Karnataka-1.pdf,DAFW,PDF,Unknown,2021-22-Seed-Minikits-of-Pulses-Program-Relevance-,https://desagri.gov.in/wp-content/uploads/2024/04/2021-22-Seed-Minikits-of-Pulses-Program-Relevance-and-Distribution-Efficiency-in-Karnataka-1.pdf,✅,pdfs
2021-22-Seed-Minikits-of-Pulses-Program-Relevance-and-Distribution-Efficiency-in-Karnataka.pdf,DAFW,PDF,Unknown,2021-22-Seed-Minikits-of-Pulses-Program-Relevance-,https://desagri.gov.in/wp-content/uploads/2024/04/2021-22-Seed-Minikits-of-Pulses-Program-Relevance-and-Distribution-Efficiency-in-Karnataka.pdf,✅,pdfs
2021-22-SEED-MINIKITS-OF-PULSES.pdf,DAFW,PDF,Unknown,2021-22-SEED-MINIKITS-OF-PULSES,https://desagri.gov.in/wp-content/uploads/2024/04/2021-22-SEED-MINIKITS-OF-PULSES.pdf,✅,pdfs
2021-22-THE-EXTENT-OF-EROSION-INTO-FARM-PROFITABILITY-DUE-TO-MARKET-IMPERFECTIONS-1.pdf,DAFW,PDF,Unknown,2021-22-THE-EXTENT-OF-EROSION-INTO-FARM-PROFITABIL,https://desagri.gov.in/wp-content/uploads/2024/04/2021-22-THE-EXTENT-OF-EROSION-INTO-FARM-PROFITABILITY-DUE-TO-MARKET-IMPERFECTIONS-1.pdf,✅,pdfs
2021-22-THE-EXTENT-OF-EROSION-INTO-FARM-PROFITABILITY-DUE-TO-MARKET-IMPERFECTIONS.pdf,DAFW,PDF,Unknown,2021-22-THE-EXTENT-OF-EROSION-INTO-FARM-PROFITABIL,https://desagri.gov.in/wp-content/uploads/2024/04/2021-22-THE-EXTENT-OF-EROSION-INTO-FARM-PROFITABILITY-DUE-TO-MARKET-IMPERFECTIONS.pdf,✅,pdfs
2021-22-Village-Survey-Study-in-Andhra-Pradesh-Diguva-Abbavaram-Village-1.pdf,DAFW,PDF,Unknown,2021-22-Village-Survey-Study-in-Andhra-Pradesh-Dig,https://desagri.gov.in/wp-content/uploads/2024/04/2021-22-Village-Survey-Study-in-Andhra-Pradesh-Diguva-Abbavaram-Village-1.pdf,✅,pdfs
2021-22-Village-Survey-Study-in-Andhra-Pradesh-Diguva-Abbavaram-Village.pdf,DAFW,PDF,Unknown,2021-22-Village-Survey-Study-in-Andhra-Pradesh-Dig,https://desagri.gov.in/wp-content/uploads/2024/04/2021-22-Village-Survey-Study-in-Andhra-Pradesh-Diguva-Abbavaram-Village.pdf,✅,pdfs
2022-23-Estimating-and-Bridging-the-Yield-Gaps-in-Oilseeds-for-Atma-Nirbhar-Bharat.pdf,DAFW,PDF,Unknown,2022-23-Estimating-and-Bridging-the-Yield-Gaps-in-,https://desagri.gov.in/wp-content/uploads/2024/04/2022-23-Estimating-and-Bridging-the-Yield-Gaps-in-Oilseeds-for-Atma-Nirbhar-Bharat.pdf,✅ (cached),pdfs
2022-23-Farmers-Perceptions-regarding-Production-and-Marketing-of-Quality-Seed-in-Madhya-Pradesh-1.pdf,DAFW,PDF,Unknown,2022-23-Farmers-Perceptions-regarding-Production-a,https://desagri.gov.in/wp-content/uploads/2024/04/2022-23-Farmers-Perceptions-regarding-Production-and-Marketing-of-Quality-Seed-in-Madhya-Pradesh-1.pdf,✅,pdfs
2022-23-Farmers-Perceptions-regarding-Production-and-Marketing-of-Quality-Seed-in-Madhya-Pradesh.pdf,DAFW,PDF,Unknown,2022-23-Farmers-Perceptions-regarding-Production-a,https://desagri.gov.in/wp-content/uploads/2024/04/2022-23-Farmers-Perceptions-regarding-Production-and-Marketing-of-Quality-Seed-in-Madhya-Pradesh.pdf,✅,pdfs
2022-23-Role-of-Women-in-Agricultural-Sector-Case-of-Maharashtra-1.pdf,DAFW,PDF,Unknown,2022-23-Role-of-Women-in-Agricultural-Sector-Case-,https://desagri.gov.in/wp-content/uploads/2024/04/2022-23-Role-of-Women-in-Agricultural-Sector-Case-of-Maharashtra-1.pdf,✅,pdfs
2022-23-Role-of-Women-in-Agricultural-Sector-Case-of-Maharashtra.pdf,DAFW,PDF,Unknown,2022-23-Role-of-Women-in-Agricultural-Sector-Case-,https://desagri.gov.in/wp-content/uploads/2024/04/2022-23-Role-of-Women-in-Agricultural-Sector-Case-of-Maharashtra.pdf,✅,pdfs
2022-23-The-Impact-of-PM-KISAN-Scheme-on-the-Farm-Income-of-Beneficiaries-in-Uttar-Pradesh.pdf,DAFW,PDF,Unknown,2022-23-The-Impact-of-PM-KISAN-Scheme-on-the-Farm-,https://desagri.gov.in/wp-content/uploads/2024/04/2022-23-The-Impact-of-PM-KISAN-Scheme-on-the-Farm-Income-of-Beneficiaries-in-Uttar-Pradesh.pdf,✅,pdfs
2022121938.pdf,MNRE,PDF,Unknown,2022121938,https://cdnbbsr.s3waas.gov.in/s3716e1b8c6cd17b771da77391355749f3/uploads/2022/12/2022121938.pdf,✅ (cached),pdfs
2022121949.pdf,MNRE,PDF,Unknown,2022121949,https://cdnbbsr.s3waas.gov.in/s3716e1b8c6cd17b771da77391355749f3/uploads/2022/12/2022121949.pdf,✅ (cached),pdfs
2022121976.pdf,MNRE,PDF,Unknown,2022121976,https://cdnbbsr.s3waas.gov.in/s3716e1b8c6cd17b771da77391355749f3/uploads/2022/12/2022121976.pdf,✅ (cached),pdfs
2022121982.pdf,MNRE,PDF,Unknown,2022121982,https://cdnbbsr.s3waas.gov.in/s3716e1b8c6cd17b771da77391355749f3/uploads/2022/12/2022121982.pdf,✅ (cached),pdfs
2023010910.pdf,MNRE,PDF,Unknown,2023010910,https://cdnbbsr.s3waas.gov.in/s3716e1b8c6cd17b771da77391355749f3/uploads/2023/01/2023010910.pdf,✅ (cached),pdfs
2023053179.pdf,MNRE,PDF,Unknown,2023053179,https://cdnbbsr.s3waas.gov.in/s3716e1b8c6cd17b771da77391355749f3/uploads/2023/05/2023053179.pdf,✅ (cached),pdfs
202309011777077840.pdf,MNRE,PDF,Unknown,202309011777077840,https://cdnbbsr.s3waas.gov.in/s3716e1b8c6cd17b771da77391355749f3/uploads/2023/09/202309011777077840.pdf,✅ (cached),pdfs
20230901279553309.pdf,MNRE,PDF,Unknown,20230901279553309,https://cdnbbsr.s3waas.gov.in/s3716e1b8c6cd17b771da77391355749f3/uploads/2023/09/20230901279553309.pdf,✅ (cached),pdfs
20230901992023240.pdf,MNRE,PDF,Unknown,20230901992023240,https://cdnbbsr.s3waas.gov.in/s3716e1b8c6cd17b771da77391355749f3/uploads/2023/09/20230901992023240.pdf,✅ (cached),pdfs
202309271030958532.pdf,MNRE,PDF,Unknown,202309271030958532,https://cdnbbsr.s3waas.gov.in/s3716e1b8c6cd17b771da77391355749f3/uploads/2023/09/202309271030958532.pdf,✅ (cached),pdfs
20240730552746113.pdf,MNRE,PDF,Unknown,20240730552746113,https://cdnbbsr.s3waas.gov.in/s3716e1b8c6cd17b771da77391355749f3/uploads/2024/07/20240730552746113.pdf,✅ (cached),pdfs
20241029512325464.pdf,MNRE,PDF,Unknown,20241029512325464,https://cdnbbsr.s3waas.gov.in/s3716e1b8c6cd17b771da77391355749f3/uploads/2024/10/20241029512325464.pdf,✅,pdfs
20241230164160840.pdf,MNRE,PDF,Unknown,20241230164160840,https://cdnbbsr.s3waas.gov.in/s3716e1b8c6cd17b771da77391355749f3/uploads/2024/12/20241230164160840.pdf,✅,pdfs
202412302010422403.pdf,MNRE,PDF,Unknown,202412302010422403,https://cdnbbsr.s3waas.gov.in/s3716e1b8c6cd17b771da77391355749f3/uploads/2024/12/202412302010422403.pdf,✅,pdfs
202501031554445763.pdf,MNRE,PDF,Unknown,202501031554445763,https://cdnbbsr.s3waas.gov.in/s3716e1b8c6cd17b771da77391355749f3/uploads/2025/01/202501031554445763.pdf,✅,pdfs
202502171483784354.pdf,MNRE,PDF,Unknown,202502171483784354,https://cdnbbsr.s3waas.gov.in/s3716e1b8c6cd17b771da77391355749f3/uploads/2025/02/202502171483784354.pdf,✅,pdfs
202504151043806482.pdf,MNRE,PDF,Unknown,202504151043806482,https://cdnbbsr.s3waas.gov.in/s3716e1b8c6cd17b771da77391355749f3/uploads/2025/04/202504151043806482.pdf,✅,pdfs
202505191031900284.pdf,MNRE,PDF,Unknown,202505191031900284,https://cdnbbsr.s3waas.gov.in/s3716e1b8c6cd17b771da77391355749f3/uploads/2025/05/202505191031900284.pdf,✅,pdfs
Accounts%20at%20a%20Glance%202020-21%20of%20ministry%20of%20Agriculture%20and%20Farmers%20Welfare_0.pdf,ICAR,PDF,Unknown,Accounts%20at%20a%20Glance%202020-21%20of%20minist,https://icar.org.in/sites/default/files/Circulars/Accounts%20at%20a%20Glance%202020-21%20of%20ministry%20of%20Agriculture%20and%20Farmers%20Welfare_0.pdf,✅,pdfs
Agmarknet_Guidelines.pdf,DAFW,PDF,Unknown,Agmarknet Guidelines,https://agriwelfare.gov.in/Documents/Agmarknet_Guidelines.pdf,✅,pdfs
agri-rise-magazine-2023.pdf,ICAR,PDF,Unknown,agri-rise-magazine-2023,https://icar.org.in/sites/default/files/2023-05/agri-rise-magazine-2023.pdf,✅,pdfs
Agricultural-Prices-in-India-2023.pdf,DAFW,PDF,Unknown,Agricultural-Prices-in-India-2023,https://desagri.gov.in/wp-content/uploads/2024/05/Agricultural-Prices-in-India-2023.pdf,✅,pdfs
AIF_Guidelines_English_12Jun24.pdf,DAFW,PDF,Unknown,AIF Guidelines English 12Jun24,https://agriwelfare.gov.in/Documents/AIF_Guidelines_English_12Jun24.pdf,✅,pdfs
Annual Report 2019-20.pdf,DAFW,PDF,Unknown,Annual Report 2019-20,https://agriwelfare.gov.in/Documents/Annual Report 2019-20.pdf,✅,pdfs
Annual Report-2015-16.pdf,DAFW,PDF,Unknown,Annual Report-2015-16,https://agriwelfare.gov.in/Documents/Annual Report-2015-16.pdf,✅,pdfs
Annual%20Audit%202020-21-English_0.pdf,ICAR,PDF,Unknown,Annual%20Audit%202020-21-English 0,https://icar.org.in/sites/default/files/Circulars/Annual%20Audit%202020-21-English_0.pdf,✅,pdfs
Annual-Report 2011-12.pdf,DAFW,PDF,Unknown,Annual-Report 2011-12,https://agriwelfare.gov.in/Documents/Annual-Report 2011-12.pdf,✅,pdfs
Annual-Report-2010-11.pdf,DAFW,PDF,Unknown,Annual-Report-2010-11,https://agriwelfare.gov.in/Documents/Annual-Report-2010-11.pdf,✅,pdfs
Annual-Report-2013-14.pdf,DAFW,PDF,Unknown,Annual-Report-2013-14,https://agriwelfare.gov.in/Documents/Annual-Report-2013-14.pdf,✅,pdfs
annual-report-2020-21.pdf,DAFW,PDF,Unknown,annual-report-2020-21,https://agriwelfare.gov.in/Documents/annual-report-2020-21.pdf,✅,pdfs
annual-report-2021-22.pdf,DAFW,PDF,Unknown,annual-report-2021-22,https://agriwelfare.gov.in/Documents/annual-report-2021-22.pdf,✅,pdfs
ANNUALAUDIT2016%281%29%20%281%29.pdf,ICAR,PDF,Unknown,ANNUALAUDIT2016%281%29%20%281%29,https://icar.org.in/sites/default/files/Circulars/ANNUALAUDIT2016%281%29%20%281%29.pdf,✅,pdfs
annual_report_english_2022_23.pdf,DAFW,PDF,2022,annual report english 2022 23,https://agriwelfare.gov.in/Documents/annual_report_english_2022_23.pdf,✅,pdfs
Annual_rpt_201617.pdf,DAFW,PDF,Unknown,Annual rpt 201617,https://agriwelfare.gov.in/Documents/Annual_rpt_201617.pdf,✅,pdfs
AR 2017-18.pdf,DAFW,PDF,Unknown,AR 2017-18,https://agriwelfare.gov.in/Documents/AR 2017-18.pdf,✅,pdfs
AR-2014-15.pdf,DAFW,PDF,Unknown,AR-2014-15,https://agriwelfare.gov.in/Documents/AR-2014-15.pdf,✅,pdfs
AR_2018-19_Final_Print.pdf,DAFW,PDF,Unknown,AR 2018-19 Final Print,https://agriwelfare.gov.in/Documents/AR_2018-19_Final_Print.pdf,✅,pdfs
AR_English_2023_24.pdf,DAFW,PDF,2023,AR English 2023 24,https://agriwelfare.gov.in/Documents/AR_English_2023_24.pdf,✅,pdfs
AR_Eng_2024_25.pdf,DAFW,PDF,2024,AR Eng 2024 25,https://agriwelfare.gov.in/Documents/AR_Eng_2024_25.pdf,✅,pdfs
Certificates_of_Agriculture_And_Farmers_Welfare.pdf,DAFW,PDF,Unknown,Certificates of Agriculture And Farmers Welfare,https://agriwelfare.gov.in/sites/default/files/Certificates_of_Agriculture_And_Farmers_Welfare.pdf,✅ (cached),pdfs
Chapter-1.pdf,DAFW,PDF,Unknown,Chapter-1,https://desagri.gov.in/wp-content/uploads/2024/03/Chapter-1.pdf,✅,pdfs
DARE-ICAR-AR-2018-19.pdf,ICAR,PDF,Unknown,DARE-ICAR-AR-2018-19,https://icar.org.in/sites/default/files/2022-09/DARE-ICAR-AR-2018-19.pdf,✅,pdfs
Dispute Resolution Rules Gazette notification_6.pdf,DAFW,PDF,Unknown,Dispute Resolution Rules Gazette notification 6,https://agriwelfare.gov.in/Documents/Dispute Resolution Rules Gazette notification_6.pdf,✅,pdfs
Ebook-on-75-lecture-Series.pdf,ICAR,PDF,Unknown,Ebook-on-75-lecture-Series,https://icar.org.in/sites/default/files/2023-05/Ebook-on-75-lecture-Series.pdf,✅,pdfs
Enamguidelines.pdf,DAFW,PDF,Unknown,Enamguidelines,https://agriwelfare.gov.in/Documents/Enamguidelines.pdf,✅,pdfs
ExpertCommittereport_eNAM_5Mar2024.pdf,DAFW,PDF,Unknown,ExpertCommittereport eNAM 5Mar2024,https://agriwelfare.gov.in/Documents/HomeWhatsNew/ExpertCommittereport_eNAM_5Mar2024.pdf,✅,pdfs
Farming Agreement Final Act _4.pdf,DAFW,PDF,Unknown,Farming Agreement Final Act  4,https://agriwelfare.gov.in/Documents/Farming Agreement Final Act _4.pdf,✅,pdfs
FHP-Publication-for-the-Year-2022-23.pdf,DAFW,PDF,Unknown,FHP-Publication-for-the-Year-2022-23,https://desagri.gov.in/wp-content/uploads/2024/04/FHP-Publication-for-the-Year-2022-23.pdf,✅,pdfs
Final-Feed-Fodder-Consolidated-Report_8-11-2023-Final-1.pdf,DAFW,PDF,Unknown,Final-Feed-Fodder-Consolidated-Report 8-11-2023-Fi,https://desagri.gov.in/wp-content/uploads/2025/01/Final-Feed-Fodder-Consolidated-Report_8-11-2023-Final-1.pdf,✅,pdfs
Final-file-of-LUS-2022-23-for-uploading.pdf,DAFW,PDF,Unknown,Final-file-of-LUS-2022-23-for-uploading,https://desagri.gov.in/wp-content/uploads/2024/09/Final-file-of-LUS-2022-23-for-uploading.pdf,✅,pdfs
FINAL-LUS-Latest-year-data-from-2013-14-to-2022-23.xls,DAFW,XLS,Unknown,FINAL-LUS-Latest-year-data-from-2013-14-to-2022-23,https://desagri.gov.in/wp-content/uploads/2024/09/FINAL-LUS-Latest-year-data-from-2013-14-to-2022-23.xls,✅,excels
Final-Publication-2022-23.pdf,DAFW,PDF,Unknown,Final-Publication-2022-23,https://desagri.gov.in/wp-content/uploads/2024/09/Final-Publication-2022-23.pdf,✅,pdfs
final_data_index.csv,Unknown,CSV,Unknown,final_data_index,Unknown,❌,csvs
Five-year-Foodgrains-ending-2021-22.xlsx,DAFW,XLSX,Unknown,Five-year-Foodgrains-ending-2021-22,https://desagri.gov.in/wp-content/uploads/2023/05/Five-year-Foodgrains-ending-2021-22.xlsx,✅,excels
Five-Year-Oilseeds-and-Commercial-Crops-ending-2021-22.xlsx,DAFW,XLSX,Unknown,Five-Year-Oilseeds-and-Commercial-Crops-ending-202,https://desagri.gov.in/wp-content/uploads/2023/05/Five-Year-Oilseeds-and-Commercial-Crops-ending-2021-22.xlsx,✅,excels
Framework_for_Voluntary_Carbon_Market_1_Feb_2024_Revised_compressed_1.pdf,DAFW,PDF,2024,Framework for Voluntary Carbon Market 1 Feb 2024 R,https://agriwelfare.gov.in/Documents/HomeWhatsNew/Framework_for_Voluntary_Carbon_Market_1_Feb_2024_Revised_compressed_1.pdf,✅,pdfs
"Guidelines farm services Act, 2020 -converted_4.pdf",DAFW,PDF,Unknown,"Guidelines farm services Act, 2020 -converted 4","https://agriwelfare.gov.in/Documents/Guidelines farm services Act, 2020 -converted_4.pdf",✅,pdfs
Guidelines_of_Brand_ICAR.pdf,ICAR,PDF,Unknown,Guidelines of Brand ICAR,https://icar.org.in/sites/default/files/Circulars/Guidelines_of_Brand_ICAR.pdf,✅,pdfs
Guidelines_PMKSY.pdf,DAFW,PDF,Unknown,Guidelines PMKSY,https://agriwelfare.gov.in/Documents/Guidelines_PMKSY.pdf,✅,pdfs
Guidelines_Soil%20Health%20Card.pdf,DAFW,PDF,Unknown,Guidelines Soil%20Health%20Card,https://agriwelfare.gov.in/Documents/Guidelines_Soil%20Health%20Card.pdf,✅,pdfs
Guideline_DBTinAgriculture.pdf,DAFW,PDF,Unknown,Guideline DBTinAgriculture,https://agriwelfare.gov.in/Documents/Guideline_DBTinAgriculture.pdf,✅,pdfs
handbook2014_0.pdf,DAFW,PDF,Unknown,handbook2014 0,https://agriwelfare.gov.in/Documents/handbook2014_0.pdf,✅,pdfs
handbookworkallo_2018.pdf,DAFW,PDF,Unknown,handbookworkallo 2018,https://agriwelfare.gov.in/Documents/handbookworkallo_2018.pdf,✅,pdfs
Horticultural Statistics at a Glance 2016_468 page.pdf,DAFW,PDF,Unknown,Horticultural Statistics at a Glance 2016 468 page,https://agriwelfare.gov.in/Documents/Horticultural Statistics at a Glance 2016_468 page.pdf,✅,pdfs
Horticultural_Statistics_at__Glance_2021.pdf,DAFW,PDF,Unknown,Horticultural Statistics at  Glance 2021,https://agriwelfare.gov.in/Documents/Horticultural_Statistics_at__Glance_2021.pdf,✅,pdfs
Horticulture At a Glance 2017 for net uplod (2).pdf,DAFW,PDF,Unknown,Horticulture At a Glance 2017 for net uplod (2),https://agriwelfare.gov.in/Documents/Horticulture At a Glance 2017 for net uplod (2).pdf,✅,pdfs
Horticulture Statistics at a Glance-2018.pdf,DAFW,PDF,Unknown,Horticulture Statistics at a Glance-2018,https://agriwelfare.gov.in/Documents/Horticulture Statistics at a Glance-2018.pdf,✅,pdfs
hortstat_glance.pdf,DAFW,PDF,Unknown,hortstat glance,https://agriwelfare.gov.in/Documents/hortstat_glance.pdf,✅,pdfs
IAgriAbstracts-Jan-Jun-2013.pdf,ICAR,PDF,Unknown,IAgriAbstracts-Jan-Jun-2013,https://icar.org.in/sites/default/files/2022-04/IAgriAbstracts-Jan-Jun-2013.pdf,✅,pdfs
IAgSciAbs-jan-jun-2015.pdf,ICAR,PDF,Unknown,IAgSciAbs-jan-jun-2015,https://icar.org.in/sites/default/files/2022-04/IAgSciAbs-jan-jun-2015.pdf,✅,pdfs
IAgSciAbs-july-dec-2014.pdf,ICAR,PDF,Unknown,IAgSciAbs-july-dec-2014,https://icar.org.in/sites/default/files/2022-04/IAgSciAbs-july-dec-2014.pdf,✅,pdfs
ICAR%20Annual%20Report%202023-24-english.pdf,ICAR,PDF,Unknown,ICAR%20Annual%20Report%202023-24-english,https://icar.org.in/sites/default/files/2025-04/ICAR%20Annual%20Report%202023-24-english.pdf,✅,pdfs
ICAR-Achievements-2021-22_02-11-22d.pdf,ICAR,PDF,Unknown,ICAR-Achievements-2021-22 02-11-22d,https://icar.org.in/sites/default/files/2022-12/ICAR-Achievements-2021-22_02-11-22d.pdf,✅,pdfs
ICAR-Annual-Report-2022-23-English.pdf,ICAR,PDF,Unknown,ICAR-Annual-Report-2022-23-English,https://icar.org.in/sites/default/files/2025-04/ICAR-Annual-Report-2022-23-English.pdf,✅,pdfs
ICAR-Budget-Book-2021-22.pdf,ICAR,PDF,Unknown,ICAR-Budget-Book-2021-22,https://icar.org.in/sites/default/files/2023-05/ICAR-Budget-Book-2021-22.pdf,✅,pdfs
ICAR-CGIAR-AR-2019-N.pdf,ICAR,PDF,Unknown,ICAR-CGIAR-AR-2019-N,https://icar.org.in/sites/default/files/Circulars/ICAR-CGIAR-AR-2019-N.pdf,✅,pdfs
ICAR_April-June-2023.pdf,ICAR,PDF,Unknown,ICAR April-June-2023,https://icar.org.in/sites/default/files/Circulars/ICAR_April-June-2023.pdf,✅,pdfs
Indian-Agril%20Sciences%20-Abstracts%20-Vol11-%20No-2.pdf,ICAR,PDF,Unknown,Indian-Agril%20Sciences%20-Abstracts%20-Vol11-%20N,https://icar.org.in/sites/default/files/2022-04/Indian-Agril%20Sciences%20-Abstracts%20-Vol11-%20No-2.pdf,✅,pdfs
Indian-farming-January-2023.pdf,ICAR,PDF,Unknown,Indian-farming-January-2023,https://icar.org.in/sites/default/files/2023-05/Indian-farming-January-2023.pdf,✅,pdfs
IndianAgrilSciencesAbstractsJan-Jun2016Vol5%2CNo.1.pdf,ICAR,PDF,Unknown,IndianAgrilSciencesAbstractsJan-Jun2016Vol5%2CNo,https://icar.org.in/sites/default/files/2022-04/IndianAgrilSciencesAbstractsJan-Jun2016Vol5%2CNo.1.pdf,✅,pdfs
IndianAgrilSciencesAbstractsJul-Dec2015Vol14No2.pdf,ICAR,PDF,Unknown,IndianAgrilSciencesAbstractsJul-Dec2015Vol14No2,https://icar.org.in/sites/default/files/2022-04/IndianAgrilSciencesAbstractsJul-Dec2015Vol14No2.pdf,✅,pdfs
Jaivik_Kheti_Guidelines.pdf,DAFW,PDF,Unknown,Jaivik Kheti Guidelines,https://agriwelfare.gov.in/Documents/Jaivik_Kheti_Guidelines.pdf,✅,pdfs
MergedFile.pdf,DAFW,PDF,Unknown,MergedFile,https://desagri.gov.in/wp-content/uploads/2024/03/MergedFile.pdf,✅ (cached),pdfs
Microsoft-Word-3-Adop-of-reco-dos-of-fer-on-soil-test-basis-by-far-in-Ka.doc.pdf,DAFW,PDF,Unknown,Microsoft-Word-3-Adop-of-reco-dos-of-fer-on-soil-t,https://desagri.gov.in/wp-content/uploads/2024/03/Microsoft-Word-3-Adop-of-reco-dos-of-fer-on-soil-test-basis-by-far-in-Ka.doc.pdf,✅,pdfs
Microsoft-Word-AERC-47-IMPACT-EVALUATION-OF-FARM-DEBT-WAIVER-SCHEME-ON-FARMERS-LIVELIHOOD-IN-PUNJAB-1.pdf,DAFW,PDF,Unknown,Microsoft-Word-AERC-47-IMPACT-EVALUATION-OF-FARM-D,https://desagri.gov.in/wp-content/uploads/2024/03/Microsoft-Word-AERC-47-IMPACT-EVALUATION-OF-FARM-DEBT-WAIVER-SCHEME-ON-FARMERS-LIVELIHOOD-IN-PUNJAB-1.pdf,✅,pdfs
Microsoft-Word-Coordinated-Final-Report-ACABC-1.pdf,DAFW,PDF,Unknown,Microsoft-Word-Coordinated-Final-Report-ACABC-1,https://desagri.gov.in/wp-content/uploads/2024/03/Microsoft-Word-Coordinated-Final-Report-ACABC-1.pdf,✅,pdfs
Microsoft-Word-Coordinated-Final-Report-ACABC.pdf,DAFW,PDF,Unknown,Microsoft-Word-Coordinated-Final-Report-ACABC,https://desagri.gov.in/wp-content/uploads/2024/03/Microsoft-Word-Coordinated-Final-Report-ACABC.pdf,✅,pdfs
Microsoft-Word-Estimation-of-Losses-to-Pulse-Crops-by-Blue-Bulls-in-Uttar-Pradesh.pdf,DAFW,PDF,Unknown,Microsoft-Word-Estimation-of-Losses-to-Pulse-Crops,https://desagri.gov.in/wp-content/uploads/2024/03/Microsoft-Word-Estimation-of-Losses-to-Pulse-Crops-by-Blue-Bulls-in-Uttar-Pradesh.pdf,✅,pdfs
Microsoft-Word-Final-consolidated-Pb-U.P.-Farm-Debt-Waiver-Report-10.06.2020-_1_.pdf,DAFW,PDF,Unknown,Microsoft-Word-Final-consolidated-Pb-U,https://desagri.gov.in/wp-content/uploads/2024/03/Microsoft-Word-Final-consolidated-Pb-U.P.-Farm-Debt-Waiver-Report-10.06.2020-_1_.pdf,✅,pdfs
Microsoft-Word-final-KCC-report.docx.pdf,DAFW,PDF,Unknown,Microsoft-Word-final-KCC-report,https://desagri.gov.in/wp-content/uploads/2024/03/Microsoft-Word-final-KCC-report.docx.pdf,✅,pdfs
Microsoft-Word-Final-report-coconut.docx.pdf,DAFW,PDF,Unknown,Microsoft-Word-Final-report-coconut,https://desagri.gov.in/wp-content/uploads/2024/03/Microsoft-Word-Final-report-coconut.docx.pdf,✅,pdfs
Microsoft-Word-Final-Report-Debt-Waiver-1.pdf,DAFW,PDF,Unknown,Microsoft-Word-Final-Report-Debt-Waiver-1,https://desagri.gov.in/wp-content/uploads/2024/03/Microsoft-Word-Final-Report-Debt-Waiver-1.pdf,✅,pdfs
Microsoft-Word-Final-Report-Debt-Waiver.pdf,DAFW,PDF,Unknown,Microsoft-Word-Final-Report-Debt-Waiver,https://desagri.gov.in/wp-content/uploads/2024/03/Microsoft-Word-Final-Report-Debt-Waiver.pdf,✅,pdfs
Microsoft-Word-Final-Report-Feed-Fodder-1.pdf,DAFW,PDF,Unknown,Microsoft-Word-Final-Report-Feed-Fodder-1,https://desagri.gov.in/wp-content/uploads/2024/03/Microsoft-Word-Final-Report-Feed-Fodder-1.pdf,✅,pdfs
Microsoft-Word-Final-Report-Feed-Fodder-2.pdf,DAFW,PDF,Unknown,Microsoft-Word-Final-Report-Feed-Fodder-2,https://desagri.gov.in/wp-content/uploads/2024/03/Microsoft-Word-Final-Report-Feed-Fodder-2.pdf,✅,pdfs
Microsoft-Word-Final-Report-Feed-Fodder.pdf,DAFW,PDF,Unknown,Microsoft-Word-Final-Report-Feed-Fodder,https://desagri.gov.in/wp-content/uploads/2024/03/Microsoft-Word-Final-Report-Feed-Fodder.pdf,✅,pdfs
Microsoft-Word-Final-Report-Per-Drop-More-Crop-1.pdf,DAFW,PDF,Unknown,Microsoft-Word-Final-Report-Per-Drop-More-Crop-1,https://desagri.gov.in/wp-content/uploads/2024/03/Microsoft-Word-Final-Report-Per-Drop-More-Crop-1.pdf,✅,pdfs
Microsoft-Word-Final-Report-Per-Drop-More-Crop.pdf,DAFW,PDF,Unknown,Microsoft-Word-Final-Report-Per-Drop-More-Crop,https://desagri.gov.in/wp-content/uploads/2024/03/Microsoft-Word-Final-Report-Per-Drop-More-Crop.pdf,✅,pdfs
Microsoft-Word-FINAL-REPORT.pdf,DAFW,PDF,Unknown,Microsoft-Word-FINAL-REPORT,https://desagri.gov.in/wp-content/uploads/2024/03/Microsoft-Word-FINAL-REPORT.pdf,✅,pdfs
Microsoft-Word-MECHANIZATION-FINAL-REPORT.doc.pdf,DAFW,PDF,Unknown,Microsoft-Word-MECHANIZATION-FINAL-REPORT,https://desagri.gov.in/wp-content/uploads/2024/03/Microsoft-Word-MECHANIZATION-FINAL-REPORT.doc.pdf,✅,pdfs
Microsoft-Word-PMFBY-final-report.docx.pdf,DAFW,PDF,Unknown,Microsoft-Word-PMFBY-final-report,https://desagri.gov.in/wp-content/uploads/2024/03/Microsoft-Word-PMFBY-final-report.docx.pdf,✅,pdfs
Microsoft-Word-Pradhan-Mantri-Fasal-Bima-Yojnaaaa-1.pdf,DAFW,PDF,Unknown,Microsoft-Word-Pradhan-Mantri-Fasal-Bima-Yojnaaaa-,https://desagri.gov.in/wp-content/uploads/2024/03/Microsoft-Word-Pradhan-Mantri-Fasal-Bima-Yojnaaaa-1.pdf,✅,pdfs
Microsoft-Word-Pradhan-Mantri-Fasal-Bima-Yojnaaaa.pdf,DAFW,PDF,Unknown,Microsoft-Word-Pradhan-Mantri-Fasal-Bima-Yojnaaaa,https://desagri.gov.in/wp-content/uploads/2024/03/Microsoft-Word-Pradhan-Mantri-Fasal-Bima-Yojnaaaa.pdf,✅,pdfs
Microsoft-Word-Report-_Final_-Nodal-Markets-Study-IEG-12-May-2022.pdf,DAFW,PDF,Unknown,Microsoft-Word-Report- Final -Nodal-Markets-Study-,https://desagri.gov.in/wp-content/uploads/2024/03/Microsoft-Word-Report-_Final_-Nodal-Markets-Study-IEG-12-May-2022.pdf,✅,pdfs
Microsoft-Word-Revised-Yield-Gap-Report-Final.pdf,DAFW,PDF,Unknown,Microsoft-Word-Revised-Yield-Gap-Report-Final,https://desagri.gov.in/wp-content/uploads/2024/03/Microsoft-Word-Revised-Yield-Gap-Report-Final.pdf,✅,pdfs
Microsoft-Word-Strategies-to-Bridge-Yield-Gap-of-Major-Crops-in-Bundelkhand-Region-of-U.P_-1.pdf,DAFW,PDF,Unknown,Microsoft-Word-Strategies-to-Bridge-Yield-Gap-of-M,https://desagri.gov.in/wp-content/uploads/2024/03/Microsoft-Word-Strategies-to-Bridge-Yield-Gap-of-Major-Crops-in-Bundelkhand-Region-of-U.P_-1.pdf,✅,pdfs
Microsoft-Word-Strategies-to-Bridge-Yield-Gap-of-Major-Crops-in-Bundelkhand-Region-of-U.P_.pdf,DAFW,PDF,Unknown,Microsoft-Word-Strategies-to-Bridge-Yield-Gap-of-M,https://desagri.gov.in/wp-content/uploads/2024/03/Microsoft-Word-Strategies-to-Bridge-Yield-Gap-of-Major-Crops-in-Bundelkhand-Region-of-U.P_.pdf,✅,pdfs
Microsoft-Word-Study-ACABC-1.pdf,DAFW,PDF,Unknown,Microsoft-Word-Study-ACABC-1,https://desagri.gov.in/wp-content/uploads/2024/03/Microsoft-Word-Study-ACABC-1.pdf,✅,pdfs
Microsoft-Word-Study-ACABC.pdf,DAFW,PDF,Unknown,Microsoft-Word-Study-ACABC,https://desagri.gov.in/wp-content/uploads/2024/03/Microsoft-Word-Study-ACABC.pdf,✅,pdfs
Microsoft-Word-Village-Survey-Draft-Report.pdf,DAFW,PDF,Unknown,Microsoft-Word-Village-Survey-Draft-Report,https://desagri.gov.in/wp-content/uploads/2024/03/Microsoft-Word-Village-Survey-Draft-Report.pdf,✅,pdfs
midh_Guidelines.pdf,DAFW,PDF,Unknown,midh Guidelines,https://agriwelfare.gov.in/Documents/midh_Guidelines.pdf,✅,pdfs
Minor-Crops-2017-18-to-2021-22.xls,DAFW,XLS,Unknown,Minor-Crops-2017-18-to-2021-22,https://desagri.gov.in/wp-content/uploads/2023/06/Minor-Crops-2017-18-to-2021-22.xls,✅,excels
MOA_PIN01_Millets_Booklet_Final_24_Nov_2023.pdf,DAFW,PDF,Unknown,MOA PIN01 Millets Booklet Final 24 Nov 2023,https://agriwelfare.gov.in/Documents/MOA_PIN01_Millets_Booklet_Final_24_Nov_2023.pdf,✅,pdfs
Monthly-Bulletin-February-2022.pdf,DAFW,PDF,Unknown,Monthly-Bulletin-February-2022,https://desagri.gov.in/wp-content/uploads/2022/03/Monthly-Bulletin-February-2022.pdf,✅,pdfs
Monthly-bulletin-January-2022.pdf,DAFW,PDF,Unknown,Monthly-bulletin-January-2022,https://desagri.gov.in/wp-content/uploads/2022/02/Monthly-bulletin-January-2022.pdf,✅,pdfs
Monthly-bulletin-March-2022.pdf,DAFW,PDF,Unknown,Monthly-bulletin-March-2022,https://desagri.gov.in/wp-content/uploads/2022/04/Monthly-bulletin-March-2022.pdf,✅,pdfs
MSP_for-website-Hindi-version.pdf,DAFW,PDF,Unknown,MSP for-website-Hindi-version,https://desagri.gov.in/wp-content/uploads/2025/02/MSP_for-website-Hindi-version.pdf,✅,pdfs
MSP_for-website_English-version.pdf,DAFW,PDF,Unknown,MSP for-website English-version,https://desagri.gov.in/wp-content/uploads/2025/02/MSP_for-website_English-version.pdf,✅,pdfs
MSS-Abst-Jr-2011-2-AG.pdf,ICAR,PDF,Unknown,MSS-Abst-Jr-2011-2-AG,https://icar.org.in/sites/default/files/2022-04/MSS-Abst-Jr-2011-2-AG.pdf,✅,pdfs
MSS-Abst-Jr-2012-1-AG.pdf,ICAR,PDF,Unknown,MSS-Abst-Jr-2012-1-AG,https://icar.org.in/sites/default/files/2022-04/MSS-Abst-Jr-2012-1-AG.pdf,✅,pdfs
Normal-Estimates-2017-18-to-2021-22-2-1.pdf,DAFW,PDF,Unknown,Normal-Estimates-2017-18-to-2021-22-2-1,https://desagri.gov.in/wp-content/uploads/2023/05/Normal-Estimates-2017-18-to-2021-22-2-1.pdf,✅,pdfs
Pesticides_Registration.pdf,DAFW,PDF,Unknown,Pesticides Registration,https://agriwelfare.gov.in/Documents/Pesticides_Registration.pdf,✅,pdfs
PIN02Stocktaking_80052024.pdf,DAFW,PDF,Unknown,PIN02Stocktaking 80052024,https://agriwelfare.gov.in/Documents/PIN02Stocktaking_80052024.pdf,✅,pdfs
PIN_03_Side_Event_Report_02_08_24.pdf,DAFW,PDF,Unknown,PIN 03 Side Event Report 02 08 24,https://agriwelfare.gov.in/Documents/PIN_03_Side_Event_Report_02_08_24.pdf,✅,pdfs
PMFBY_Guidelines.pdf,DAFW,PDF,Unknown,PMFBY Guidelines,https://agriwelfare.gov.in/Documents/PMFBY_Guidelines.pdf,✅,pdfs
Pocket-2020-Final-web-file.pdf,DAFW,PDF,Unknown,Pocket-2020-Final-web-file,https://desagri.gov.in/wp-content/uploads/2021/06/Pocket-2020-Final-web-file.pdf,✅,pdfs
pocketbook.pdf,DAFW,PDF,Unknown,pocketbook,https://agriwelfare.gov.in/Documents/pocketbook.pdf,✅,pdfs
price-list-bm-dkma-2021.pdf,ICAR,PDF,Unknown,price-list-bm-dkma-2021,https://icar.org.in/sites/default/files/inline-files/price-list-bm-dkma-2021.pdf,✅,pdfs
Quarantine_Guidelinespdf.pdf,DAFW,PDF,Unknown,Quarantine Guidelinespdf,https://agriwelfare.gov.in/Documents/Quarantine_Guidelinespdf.pdf,✅,pdfs
Rajbhasha%20Alok%202020%20Final%20%281%29_0.pdf,ICAR,PDF,Unknown,Rajbhasha%20Alok%202020%20Final%20%281%29 0,https://icar.org.in/sites/default/files/2022-08/Rajbhasha%20Alok%202020%20Final%20%281%29_0.pdf,✅,pdfs
Rajbhasha%20Alok%202021.pdf,ICAR,PDF,Unknown,Rajbhasha%20Alok%202021,https://icar.org.in/sites/default/files/2022-12/Rajbhasha%20Alok%202021.pdf,✅,pdfs
Rajbhasha-Alok-2018%20%283%29.pdf,ICAR,PDF,Unknown,Rajbhasha-Alok-2018%20%283%29,https://icar.org.in/sites/default/files/2022-08/Rajbhasha-Alok-2018%20%283%29.pdf,✅,pdfs
RajbhashaAlok2017.pdf,ICAR,PDF,Unknown,RajbhashaAlok2017,https://icar.org.in/sites/default/files/2022-08/RajbhashaAlok2017.pdf,✅,pdfs
Report%20on%20PoshanMaah%202020_0.pdf,ICAR,PDF,Unknown,Report%20on%20PoshanMaah%202020 0,https://icar.org.in/sites/default/files/Circulars/Report%20on%20PoshanMaah%202020_0.pdf,✅,pdfs
Revised-ZoneDistrictVillage-details-Selected-year-2020-23.xlsx,DAFW,XLSX,Unknown,Revised-ZoneDistrictVillage-details-Selected-year-,https://desagri.gov.in/wp-content/uploads/2022/07/Revised-ZoneDistrictVillage-details-Selected-year-2020-23.xlsx,✅,excels
Revised_guidelinesATMA_2025.pdf,DAFW,PDF,Unknown,Revised guidelinesATMA 2025,https://agriwelfare.gov.in/Documents/Revised_guidelinesATMA_2025.pdf,✅,pdfs
sciencesAbstractsJul-Dec2013Vol.12No.2.pdf,ICAR,PDF,Unknown,sciencesAbstractsJul-Dec2013Vol,https://icar.org.in/sites/default/files/2022-04/sciencesAbstractsJul-Dec2013Vol.12No.2.pdf,✅,pdfs
SIA 2017 (Final)- web upload.pdf,DAFW,PDF,Unknown,SIA 2017 (Final)- web upload,https://agriwelfare.gov.in/Documents/SIA 2017 (Final)- web upload.pdf,✅,pdfs
Spread-of-New-Varieties-of-Hybrid-Rice-and-their-Impact-on-the-Overall-Production-and-Productivity-in-West-Bengal.pdf,DAFW,PDF,Unknown,Spread-of-New-Varieties-of-Hybrid-Rice-and-their-I,https://desagri.gov.in/wp-content/uploads/2024/03/Spread-of-New-Varieties-of-Hybrid-Rice-and-their-Impact-on-the-Overall-Production-and-Productivity-in-West-Bengal.pdf,✅,pdfs
State-Wise-Crop-Complex-Selection-2020-23.pdf,DAFW,PDF,Unknown,State-Wise-Crop-Complex-Selection-2020-23,https://desagri.gov.in/wp-content/uploads/2021/04/State-Wise-Crop-Complex-Selection-2020-23.pdf,✅ (cached),pdfs
State_of_Indian_Agriculture2017.pdf,DAFW,PDF,Unknown,State of Indian Agriculture2017,https://desagri.gov.in/wp-content/uploads/2021/04/State_of_Indian_Agriculture2017.pdf,✅,pdfs
Study-No.-41-NCU-Study-in-Bihar-FINAL-_28.01.17.pdf,DAFW,PDF,Unknown,Study-No,https://desagri.gov.in/wp-content/uploads/2024/03/Study-No.-41-NCU-Study-in-Bihar-FINAL-_28.01.17.pdf,✅,pdfs
Success Story _ 8_4.pdf,DAFW,PDF,Unknown,Success Story   8 4,https://agriwelfare.gov.in/Documents/Success Story _ 8_4.pdf,✅,pdfs
Success-Story-For-approval.pdf,DAFW,PDF,Unknown,Success-Story-For-approval,https://agriwelfare.gov.in/Documents/Success-Story-For-approval.pdf,✅,pdfs
Time-Series-1st-AE-2024-25-English.pdf,DAFW,PDF,Unknown,Time-Series-1st-AE-2024-25-English,https://desagri.gov.in/wp-content/uploads/2024/11/Time-Series-1st-AE-2024-25-English.pdf,✅,pdfs
Time-Series-2nd-AE-2024-25-Eng.pdf,DAFW,PDF,Unknown,Time-Series-2nd-AE-2024-25-Eng,https://desagri.gov.in/wp-content/uploads/2025/03/Time-Series-2nd-AE-2024-25-Eng.pdf,✅,pdfs
Time-Series-2nd-AE-2024-25-Hindi.pdf,DAFW,PDF,Unknown,Time-Series-2nd-AE-2024-25-Hindi,https://desagri.gov.in/wp-content/uploads/2025/03/Time-Series-2nd-AE-2024-25-Hindi.pdf,✅,pdfs
Time-Series-3rd-AE-2024-25-English.pdf,DAFW,PDF,Unknown,Time-Series-3rd-AE-2024-25-English,https://desagri.gov.in/wp-content/uploads/2025/05/Time-Series-3rd-AE-2024-25-English.pdf,✅,pdfs
Time-Series-3rd-AE-2024-25-Hindi.pdf,DAFW,PDF,Unknown,Time-Series-3rd-AE-2024-25-Hindi,https://desagri.gov.in/wp-content/uploads/2025/05/Time-Series-3rd-AE-2024-25-Hindi.pdf,✅,pdfs
Time-series-Production-Hindi.pdf,DAFW,PDF,Unknown,Time-series-Production-Hindi,https://desagri.gov.in/wp-content/uploads/2024/11/Time-series-Production-Hindi.pdf,✅,pdfs
Volume13Number1January-June2014.pdf,ICAR,PDF,Unknown,Volume13Number1January-June2014,https://icar.org.in/sites/default/files/2022-04/Volume13Number1January-June2014.pdf,✅,pdfs
Yg-Report-2.pdf,DAFW,PDF,Unknown,Yg-Report-2,https://desagri.gov.in/wp-content/uploads/2024/03/Yg-Report-2.pdf,✅ (cached),pdfs
कृषि-सांख्यिकी-एक-झलक-2023_Agricultural-Statistics-at-a-Glance-2023.pdf,DAFW,PDF,Unknown,कृषि-सांख्यिकी-एक-झलक-2023 Agricultural-Statistics,https://desagri.gov.in/wp-content/uploads/2025/01/कृषि-सांख्यिकी-एक-झलक-2023_Agricultural-Statistics-at-a-Glance-2023.pdf,✅,pdfs
वर्ष-2025-से-ए.एस.आई.-शिड्यूल-में-मासिक-से-त्रैमासिक-आधार-पर-बदलाव-Change-in-ASI-Schedule-from-monthly-to-quarterly-basis-from-2025-onwards-regarding.pdf,DAFW,PDF,Unknown,वर्ष-2025-से-ए,https://desagri.gov.in/wp-content/uploads/2025/02/वर्ष-2025-से-ए.एस.आई.-शिड्यूल-में-मासिक-से-त्रैमासिक-आधार-पर-बदलाव-Change-in-ASI-Schedule-from-monthly-to-quarterly-basis-from-2025-onwards-regarding.pdf,✅,pdfs
